nome,telefone,valor_contribuido,forma_pagamento
Fábio Almeida,(71) 99289-0001,95,Espécie
Samuel Silva,(71) 96219-0002,70,Espécie
Renata Costa,(71) 97104-0003,50,Espécie
William Nascimento,(71) 94210-0004,0,Não contribuiu
Gustavo Almeida,(71) 92203-0005,75,Espécie
Ana Carvalho,(71) 98337-0006,10,PIX
Marcelo Nascimento,(71) 98340-0007,65,Espécie
Rafael Teixeira,(71) 97786-0008,0,Não contribuiu
Helena Melo,(71) 93293-0009,0,Não contribuiu
Fábio Carvalho,(71) 91347-0010,30,Espécie
Diego Nascimento,(71) 95174-0011,30,Espécie
Natália Rocha,(71) 94445-0012,80,Espécie
Samuel Vieira,(71) 96611-0013,50,PIX
Mariana Melo,(71) 95672-0014,85,PIX
Patrícia Mendes,(71) 97307-0015,55,PIX
Yasmin Silva,(71) 93587-0016,50,PIX
Gustavo Nascimento,(71) 95938-0017,70,PIX
Daniel Lima,(71) 92420-0018,60,Espécie
Helena Ramos,(71) 95738-0019,0,Não contribuiu
Gabriel Ramos,(71) 98323-0020,50,Espécie
Paulo Ferreira,(71) 98191-0021,85,Espécie
Bruno Teixeira,(71) 97334-0022,95,PIX
William Carvalho,(71) 93252-0023,0,Não contribuiu
Natália Martins,(71) 98703-0024,50,PIX
Rafael Nascimento,(71) 93643-0025,65,PIX
Natália Lima,(71) 93375-0026,0,Não contribuiu
Simone Oliveira,(71) 94411-0027,75,Espécie
Sofia Silva,(71) 96321-0028,80,PIX
Bruno Souza,(71) 97091-0029,85,Espécie
Sofia Lima,(71) 99957-0030,35,PIX
Fernanda Martins,(71) 92112-0031,0,Não contribuiu
Patrícia Rocha,(71) 96413-0032,85,PIX
Daniel Ramos,(71) 91971-0033,30,PIX
Diego Lima,(71) 94540-0034,0,Não contribuiu
Renata Moreira,(71) 97293-0035,0,Não contribuiu
Renata Moreira,(71) 97348-0036,0,Não contribuiu
Rodrigo Barbosa,(71) 92397-0037,65,Espécie
Gustavo Melo,(71) 98065-0038,60,PIX
Eduardo Carvalho,(71) 94262-0039,45,PIX
Helena Nascimento,(71) 91202-0040,45,Espécie
Victor Dias,(71) 97303-0041,20,Espécie
Vinícius Rocha,(71) 92530-0042,90,PIX
Lucas Lima,(71) 97930-0043,0,Não contribuiu
Larissa Silva,(71) 98545-0044,50,Espécie
Camila Oliveira,(71) 96656-0045,0,Não contribuiu
Juliana Santos,(71) 91090-0046,40,PIX
Rafael Melo,(71) 94909-0047,0,Não contribuiu
Gabriel Ramos,(71) 92876-0048,95,Espécie
Marcelo Ribeiro,(71) 92602-0049,40,Espécie
Gustavo Lima,(71) 93380-0050,95,Espécie
Gabriel Santos,(71) 99263-0051,0,Não contribuiu
Yasmin Carvalho,(71) 97780-0052,20,Espécie
Mateus Barbosa,(71) 91286-0053,80,PIX
Mateus Santos,(71) 97454-0054,20,Espécie
Diego Costa,(71) 91667-0055,65,Espécie
Patrícia Santos,(71) 98399-0056,60,Espécie
Isabela Mendes,(71) 94457-0057,95,Espécie
Mateus Pereira,(71) 98343-0058,0,Não contribuiu
Mariana Rocha,(71) 94968-0059,40,PIX
Diego Pereira,(71) 91582-0060,75,Espécie
Helena Oliveira,(71) 98182-0061,55,PIX
Camila Gomes,(71) 94123-0062,70,PIX
Paulo Costa,(71) 99335-0063,80,PIX
Rodrigo Santos,(71) 94516-0064,50,Espécie
Fernanda Teixeira,(71) 94383-0065,0,Não contribuiu
Larissa Santos,(71) 97675-0066,50,Espécie
William Mendes,(71) 92151-0067,55,PIX
Mariana Teixeira,(71) 96010-0068,65,PIX
Yasmin Souza,(71) 91656-0069,80,Espécie
Samuel Souza,(71) 91717-0070,90,PIX
Isabela Santos,(71) 99182-0071,15,PIX
Aline Souza,(71) 97078-0072,65,Espécie
Elaine Nascimento,(71) 96847-0073,60,PIX
Ana Carvalho,(71) 95038-0074,0,Não contribuiu
Helena Souza,(71) 96152-0075,0,Não contribuiu
Mariana Barbosa,(71) 95479-0076,65,Espécie
Eduardo Vieira,(71) 92329-0077,45,PIX
Beatriz Santos,(71) 96606-0078,0,Não contribuiu
Elaine Silva,(71) 95511-0079,10,PIX
Gabriel Melo,(71) 93479-0080,30,PIX
Ana Pereira,(71) 94795-0081,75,Espécie
Daniel Ribeiro,(71) 94856-0082,50,Espécie
Renata Rocha,(71) 98369-0083,80,PIX
Gustavo Souza,(71) 92465-0084,40,PIX
Mateus Melo,(71) 93301-0085,15,Espécie
Sofia Rocha,(71) 93684-0086,65,PIX
Sofia Ferreira,(71) 97123-0087,95,Espécie
Carlos Silva,(71) 92651-0088,0,Não contribuiu
Rafael Mendes,(71) 98813-0089,10,Espécie
Bruno Souza,(71) 99869-0090,10,PIX
Mateus Rocha,(71) 98603-0091,0,Não contribuiu
Eduardo Vieira,(71) 98575-0092,15,PIX
Eduardo Ferreira,(71) 98530-0093,0,Não contribuiu
Gabriel Martins,(71) 91646-0094,0,Não contribuiu
Diego Carvalho,(71) 94692-0095,0,Não contribuiu
Thiago Rocha,(71) 92051-0096,55,Espécie
João Lima,(71) 93358-0097,60,PIX
Gustavo Moreira,(71) 95236-0098,0,Não contribuiu
Rodrigo Gomes,(71) 99579-0099,0,Não contribuiu
Yasmin Almeida,(71) 96971-0100,0,Não contribuiu
William Silva,(71) 97851-0101,20,PIX
Rafael Ramos,(71) 97523-0102,20,Espécie
Gustavo Mendes,(71) 96125-0103,40,PIX
Yasmin Rocha,(71) 92448-0104,0,Não contribuiu
Camila Dias,(71) 96751-0105,15,PIX
Fábio Gomes,(71) 98759-0106,90,PIX
William Moreira,(71) 97497-0107,60,Espécie
Bruno Lima,(71) 91267-0108,50,PIX
Lucas Martins,(71) 96744-0109,70,PIX
Simone Lima,(71) 94530-0110,0,Não contribuiu
Sofia Martins,(71) 91057-0111,0,Não contribuiu
Eduardo Mendes,(71) 96653-0112,20,PIX
Mateus Oliveira,(71) 93857-0113,0,Não contribuiu
Fernanda Ribeiro,(71) 97208-0114,100,Espécie
Larissa Rocha,(71) 94292-0115,0,Não contribuiu
Gabriel Ferreira,(71) 93671-0116,70,Espécie
Isabela Barbosa,(71) 94795-0117,95,Espécie
Fernanda Almeida,(71) 93120-0118,30,Espécie
Renata Rocha,(71) 98876-0119,60,PIX
Sofia Oliveira,(71) 95909-0120,60,PIX
Larissa Barbosa,(71) 95731-0121,20,PIX
Simone Ferreira,(71) 98535-0122,90,Espécie
Vinícius Santos,(71) 94757-0123,20,PIX
Yasmin Santos,(71) 95920-0124,0,Não contribuiu
Yasmin Mendes,(71) 91415-0125,0,Não contribuiu
Vinícius Almeida,(71) 99316-0126,10,PIX
João Barbosa,(71) 91378-0127,25,Espécie
Rodrigo Souza,(71) 96452-0128,50,PIX
Vanessa Oliveira,(71) 97026-0129,100,PIX
Juliana Almeida,(71) 92240-0130,45,Espécie
Lucas Costa,(71) 93627-0131,70,PIX
Fábio Silva,(71) 97516-0132,25,Espécie
Fernanda Ferreira,(71) 98311-0133,25,Espécie
Rodrigo Ribeiro,(71) 91709-0134,35,Espécie
Carlos Teixeira,(71) 97360-0135,90,PIX
Simone Costa,(71) 97140-0136,40,Espécie
Natália Oliveira,(71) 97529-0137,0,Não contribuiu
Bruno Ferreira,(71) 96400-0138,70,Espécie
Gabriel Teixeira,(71) 98914-0139,95,PIX
Camila Vieira,(71) 97019-0140,0,Não contribuiu
Lucas Costa,(71) 98686-0141,0,Não contribuiu
Natália Barbosa,(71) 96486-0142,85,Espécie
Fábio Pereira,(71) 99570-0143,0,Não contribuiu
Helena Silva,(71) 94038-0144,85,PIX
Sofia Ferreira,(71) 91981-0145,0,Não contribuiu
Lucas Lima,(71) 96170-0146,0,Não contribuiu
Mariana Mendes,(71) 92534-0147,70,Espécie
Rafael Ribeiro,(71) 98623-0148,90,Espécie
Juliana Vieira,(71) 99610-0149,0,Não contribuiu
Natália Ferreira,(71) 97973-0150,0,Não contribuiu
Lucas Dias,(71) 94939-0151,40,PIX
Fernanda Dias,(71) 93923-0152,50,PIX
Helena Santos,(71) 95161-0153,90,Espécie
Aline Teixeira,(71) 96388-0154,85,Espécie
Daniel Lima,(71) 91738-0155,100,Espécie
Gustavo Teixeira,(71) 96234-0156,60,Espécie
Beatriz Moreira,(71) 98140-0157,45,Espécie
Sofia Carvalho,(71) 92087-0158,45,PIX
Victor Almeida,(71) 93875-0159,85,PIX
João Silva,(71) 93335-0160,55,PIX
Vanessa Dias,(71) 96357-0161,30,PIX
Camila Oliveira,(71) 95750-0162,40,PIX
Carlos Silva,(71) 96547-0163,60,PIX
Simone Almeida,(71) 95831-0164,0,Não contribuiu
Victor Dias,(71) 92493-0165,60,PIX
Elaine Lima,(71) 91227-0166,0,Não contribuiu
Bruno Santos,(71) 98903-0167,0,Não contribuiu
Helena Costa,(71) 95977-0168,90,PIX
Marcelo Oliveira,(71) 91832-0169,20,PIX
João Ribeiro,(71) 97290-0170,95,PIX
Juliana Pereira,(71) 95721-0171,50,Espécie
Patrícia Rocha,(71) 95798-0172,60,Espécie
Helena Carvalho,(71) 98654-0173,65,Espécie
Daniel Martins,(71) 99981-0174,90,PIX
Mariana Barbosa,(71) 97432-0175,0,Não contribuiu
Rafael Vieira,(71) 96673-0176,70,Espécie
Renata Rocha,(71) 94313-0177,0,Não contribuiu
Diego Almeida,(71) 97842-0178,20,PIX
Elaine Mendes,(71) 94595-0179,50,PIX
Vinícius Carvalho,(71) 95127-0180,0,Não contribuiu
Diego Mendes,(71) 94682-0181,10,Espécie
Mateus Ramos,(71) 92607-0182,75,PIX
Marcelo Santos,(71) 95482-0183,85,PIX
Mateus Vieira,(71) 94238-0184,40,PIX
Lucas Barbosa,(71) 98107-0185,60,PIX
Victor Mendes,(71) 92522-0186,0,Não contribuiu
Renata Mendes,(71) 98015-0187,10,Espécie
Aline Teixeira,(71) 99133-0188,100,Espécie
Beatriz Melo,(71) 98374-0189,80,PIX
Isabela Santos,(71) 91123-0190,0,Não contribuiu
Fábio Rocha,(71) 96839-0191,45,PIX
Daniel Mendes,(71) 93813-0192,85,Espécie
Thiago Carvalho,(71) 94354-0193,0,Não contribuiu
William Rocha,(71) 97441-0194,65,Espécie
Marcelo Vieira,(71) 96719-0195,30,PIX
Aline Gomes,(71) 96747-0196,100,PIX
Fábio Ferreira,(71) 99576-0197,50,PIX
Thiago Gomes,(71) 95762-0198,20,Espécie
Isabela Mendes,(71) 98661-0199,0,Não contribuiu
Rafael Dias,(71) 98272-0200,95,PIX
Diego Ferreira,(71) 95402-0201,20,Espécie
Daniel Oliveira,(71) 98970-0202,55,PIX
Thiago Silva,(71) 93386-0203,90,PIX
Simone Rocha,(71) 96413-0204,0,Não contribuiu
Rafael Lima,(71) 98290-0205,25,PIX
Renata Melo,(71) 98178-0206,0,Não contribuiu
Fernanda Pereira,(71) 94593-0207,0,Não contribuiu
Victor Martins,(71) 92863-0208,0,Não contribuiu
Samuel Ribeiro,(71) 99885-0209,95,PIX
Aline Costa,(71) 95357-0210,35,Espécie
Gustavo Dias,(71) 93692-0211,90,PIX
Gabriel Almeida,(71) 98287-0212,15,Espécie
Eduardo Vieira,(71) 97872-0213,55,PIX
Samuel Pereira,(71) 99082-0214,80,Espécie
Daniel Pereira,(71) 97803-0215,30,PIX
Thiago Vieira,(71) 94962-0216,15,PIX
Samuel Ramos,(71) 98621-0217,0,Não contribuiu
Thiago Nascimento,(71) 92475-0218,0,Não contribuiu
Patrícia Lima,(71) 92755-0219,60,Espécie
Simone Santos,(71) 94781-0220,0,Não contribuiu
Gustavo Almeida,(71) 91983-0221,65,Espécie
Gustavo Gomes,(71) 93291-0222,0,Não contribuiu
Gabriel Gomes,(71) 97077-0223,50,Espécie
João Vieira,(71) 93776-0224,45,PIX
Victor Martins,(71) 99870-0225,0,Não contribuiu
Juliana Gomes,(71) 97118-0226,0,Não contribuiu
Ana Dias,(71) 98795-0227,30,Espécie
Juliana Dias,(71) 94418-0228,0,Não contribuiu
Carlos Melo,(71) 92812-0229,15,PIX
Beatriz Ramos,(71) 92745-0230,60,PIX
Eduardo Ribeiro,(71) 99166-0231,75,PIX
Samuel Almeida,(71) 98693-0232,20,PIX
Vinícius Ribeiro,(71) 99808-0233,35,PIX
Ana Dias,(71) 97671-0234,95,PIX
Fábio Ribeiro,(71) 98028-0235,30,Espécie
João Souza,(71) 92332-0236,100,PIX
Mariana Dias,(71) 97118-0237,0,Não contribuiu
Bruno Silva,(71) 98414-0238,15,PIX
Juliana Ramos,(71) 94734-0239,40,PIX
Natália Martins,(71) 95546-0240,85,PIX
Juliana Rocha,(71) 99746-0241,0,Não contribuiu
Renata Vieira,(71) 97568-0242,60,Espécie
Mateus Vieira,(71) 95672-0243,0,Não contribuiu
William Oliveira,(71) 96670-0244,40,Espécie
Beatriz Pereira,(71) 96804-0245,0,Não contribuiu
Marcelo Martins,(71) 93521-0246,0,Não contribuiu
Mariana Gomes,(71) 96086-0247,45,Espécie
Victor Ferreira,(71) 97702-0248,50,PIX
Carlos Moreira,(71) 99871-0249,65,PIX
Bruno Ferreira,(71) 91112-0250,80,Espécie
Juliana Mendes,(71) 96870-0251,40,Espécie
Rafael Silva,(71) 91783-0252,15,Espécie
Juliana Pereira,(71) 91122-0253,0,Não contribuiu
Vanessa Martins,(71) 94248-0254,0,Não contribuiu
Vinícius Ferreira,(71) 93567-0255,85,PIX
Lucas Costa,(71) 92418-0256,60,Espécie
Diego Ribeiro,(71) 94058-0257,20,PIX
Samuel Moreira,(71) 96089-0258,45,PIX
Marcelo Costa,(71) 95947-0259,0,Não contribuiu
Aline Ramos,(71) 96359-0260,0,Não contribuiu
Samuel Costa,(71) 93871-0261,65,PIX
Carlos Gomes,(71) 92178-0262,60,Espécie
Daniel Ribeiro,(71) 98449-0263,75,PIX
Gabriel Ribeiro,(71) 96135-0264,65,Espécie
Lucas Ferreira,(71) 98277-0265,25,PIX
Rafael Teixeira,(71) 98217-0266,30,PIX
João Dias,(71) 93232-0267,95,Espécie
Mariana Costa,(71) 91501-0268,10,Espécie
Sofia Silva,(71) 98582-0269,0,Não contribuiu
Thiago Rocha,(71) 95344-0270,95,Espécie
Natália Gomes,(71) 93254-0271,0,Não contribuiu
Simone Mendes,(71) 91092-0272,40,PIX
Thiago Almeida,(71) 91331-0273,25,PIX
Gabriel Nascimento,(71) 93809-0274,0,Não contribuiu
Yasmin Ramos,(71) 93292-0275,0,Não contribuiu
Diego Lima,(71) 99408-0276,0,Não contribuiu
Daniel Barbosa,(71) 93533-0277,55,Espécie
Fábio Souza,(71) 92659-0278,75,PIX
Natália Martins,(71) 99785-0279,60,PIX
Vinícius Melo,(71) 96230-0280,80,Espécie
Simone Carvalho,(71) 95054-0281,40,PIX
Gabriel Gomes,(71) 92769-0282,15,Espécie
Vanessa Gomes,(71) 95699-0283,85,PIX
Aline Almeida,(71) 94397-0284,60,Espécie
Fernanda Santos,(71) 91381-0285,0,Não contribuiu
Mateus Rocha,(71) 92508-0286,35,Espécie
Sofia Mendes,(71) 94515-0287,40,PIX
Larissa Silva,(71) 94583-0288,45,PIX
Sofia Melo,(71) 94681-0289,0,Não contribuiu
Gustavo Barbosa,(71) 97370-0290,75,Espécie
Fábio Santos,(71) 94723-0291,80,Espécie
Mateus Pereira,(71) 95187-0292,25,PIX
Rodrigo Ferreira,(71) 97278-0293,0,Não contribuiu
Gabriel Martins,(71) 92765-0294,0,Não contribuiu
Renata Almeida,(71) 97006-0295,35,Espécie
Ana Ribeiro,(71) 91988-0296,0,Não contribuiu
Diego Costa,(71) 91993-0297,80,Espécie
Natália Moreira,(71) 99598-0298,95,PIX
Rafael Gomes,(71) 94402-0299,0,Não contribuiu
Victor Ramos,(71) 92551-0300,0,Não contribuiu
Natália Melo,(71) 97917-0301,15,PIX
Mateus Barbosa,(71) 95461-0302,10,PIX
Daniel Almeida,(71) 91168-0303,20,Espécie
Vanessa Lima,(71) 92453-0304,15,PIX
Patrícia Moreira,(71) 96219-0305,0,Não contribuiu
Larissa Santos,(71) 91325-0306,65,PIX
Eduardo Vieira,(71) 92958-0307,90,PIX
Samuel Oliveira,(71) 98719-0308,60,Espécie
Samuel Gomes,(71) 95720-0309,30,PIX
Renata Martins,(71) 92342-0310,35,PIX
Aline Teixeira,(71) 97893-0311,15,Espécie
Gabriel Pereira,(71) 92526-0312,25,Espécie
Ana Barbosa,(71) 91035-0313,0,Não contribuiu
Aline Moreira,(71) 98895-0314,95,Espécie
Mariana Nascimento,(71) 92886-0315,60,Espécie
Aline Ribeiro,(71) 98909-0316,40,Espécie
Simone Teixeira,(71) 92845-0317,0,Não contribuiu
Carlos Costa,(71) 99972-0318,55,PIX
Eduardo Silva,(71) 92021-0319,30,Espécie
Fernanda Ramos,(71) 96646-0320,55,Espécie
Yasmin Souza,(71) 97313-0321,25,PIX
Diego Martins,(71) 93038-0322,0,Não contribuiu
Camila Rocha,(71) 92450-0323,0,Não contribuiu
Larissa Oliveira,(71) 96054-0324,40,Espécie
Rodrigo Teixeira,(71) 97780-0325,0,Não contribuiu
William Oliveira,(71) 97274-0326,10,Espécie
Eduardo Oliveira,(71) 98181-0327,45,Espécie
Vanessa Santos,(71) 95789-0328,95,Espécie
Bruno Mendes,(71) 94012-0329,50,PIX
Elaine Costa,(71) 91030-0330,70,Espécie
Renata Moreira,(71) 98805-0331,25,PIX
Camila Silva,(71) 92480-0332,0,Não contribuiu
Elaine Oliveira,(71) 91201-0333,10,PIX
Marcelo Gomes,(71) 94114-0334,85,PIX
Vanessa Melo,(71) 92062-0335,0,Não contribuiu
Beatriz Dias,(71) 92614-0336,65,PIX
Elaine Almeida,(71) 92302-0337,30,PIX
Natália Moreira,(71) 94870-0338,0,Não contribuiu
Isabela Souza,(71) 95995-0339,0,Não contribuiu
Yasmin Rocha,(71) 96409-0340,35,Espécie
Sofia Santos,(71) 97372-0341,20,Espécie
Sofia Souza,(71) 95946-0342,40,PIX
Thiago Oliveira,(71) 96539-0343,100,PIX
Fernanda Lima,(71) 97421-0344,75,Espécie
Elaine Barbosa,(71) 96311-0345,95,Espécie
Yasmin Lima,(71) 97933-0346,75,Espécie
Samuel Ramos,(71) 94251-0347,60,PIX
Carlos Dias,(71) 93369-0348,40,PIX
Eduardo Melo,(71) 93792-0349,45,Espécie
Gustavo Carvalho,(71) 96467-0350,0,Não contribuiu
Rodrigo Oliveira,(71) 99924-0351,0,Não contribuiu
Natália Rocha,(71) 94241-0352,80,PIX
Paulo Carvalho,(71) 91150-0353,45,PIX
Isabela Rocha,(71) 99850-0354,30,PIX
Victor Ferreira,(71) 98884-0355,50,Espécie
Yasmin Teixeira,(71) 99611-0356,25,Espécie
Elaine Rocha,(71) 95860-0357,70,PIX
Vinícius Costa,(71) 91615-0358,25,PIX
Camila Vieira,(71) 93553-0359,90,PIX
Lucas Silva,(71) 96570-0360,90,PIX
Isabela Souza,(71) 98890-0361,0,Não contribuiu
Aline Ribeiro,(71) 95008-0362,0,Não contribuiu
Daniel Martins,(71) 92746-0363,95,PIX
Eduardo Mendes,(71) 97392-0364,25,PIX
Vinícius Teixeira,(71) 97090-0365,0,Não contribuiu
Isabela Dias,(71) 91047-0366,60,Espécie
Isabela Ramos,(71) 93753-0367,0,Não contribuiu
Elaine Oliveira,(71) 91406-0368,25,Espécie
Fábio Dias,(71) 94112-0369,0,Não contribuiu
Marcelo Rocha,(71) 97384-0370,80,PIX
João Moreira,(71) 97321-0371,55,Espécie
Camila Ramos,(71) 98614-0372,40,PIX
Daniel Silva,(71) 91242-0373,0,Não contribuiu
Camila Carvalho,(71) 97297-0374,0,Não contribuiu
Diego Vieira,(71) 91725-0375,75,Espécie
Mateus Nascimento,(71) 95890-0376,35,Espécie
Vanessa Silva,(71) 96184-0377,35,Espécie
Victor Carvalho,(71) 94427-0378,15,PIX
Yasmin Ribeiro,(71) 97720-0379,20,Espécie
Eduardo Vieira,(71) 99796-0380,100,Espécie
Rafael Mendes,(71) 98816-0381,85,Espécie
William Melo,(71) 93611-0382,100,Espécie
Vinícius Ramos,(71) 91310-0383,0,Não contribuiu
Camila Souza,(71) 93458-0384,0,Não contribuiu
Gustavo Ramos,(71) 97464-0385,70,PIX
Marcelo Barbosa,(71) 94372-0386,15,Espécie
Gabriel Ramos,(71) 94088-0387,25,PIX
Eduardo Oliveira,(71) 94291-0388,25,Espécie
Vanessa Silva,(71) 98505-0389,0,Não contribuiu
Eduardo Mendes,(71) 96984-0390,25,PIX
Carlos Martins,(71) 94658-0391,80,PIX
Marcelo Santos,(71) 99385-0392,25,Espécie
Aline Santos,(71) 99324-0393,0,Não contribuiu
Vanessa Gomes,(71) 96824-0394,65,PIX
Eduardo Rocha,(71) 95765-0395,35,PIX
Helena Teixeira,(71) 96450-0396,30,PIX
Mateus Rocha,(71) 99366-0397,80,PIX
Isabela Mendes,(71) 94476-0398,0,Não contribuiu
Thiago Santos,(71) 92102-0399,35,PIX
Vinícius Pereira,(71) 92203-0400,0,Não contribuiu
Rafael Lima,(71) 92987-0401,0,Não contribuiu
Renata Rocha,(71) 92476-0402,0,Não contribuiu
Aline Melo,(71) 93613-0403,60,PIX
Ana Teixeira,(71) 99782-0404,25,Espécie
Larissa Melo,(71) 96930-0405,15,PIX
Mariana Lima,(71) 93237-0406,50,Espécie
Samuel Pereira,(71) 99537-0407,55,Espécie
Renata Almeida,(71) 94565-0408,0,Não contribuiu
Thiago Ferreira,(71) 92428-0409,30,Espécie
Paulo Almeida,(71) 95789-0410,35,PIX
Daniel Pereira,(71) 94927-0411,85,Espécie
Rodrigo Oliveira,(71) 99665-0412,70,PIX
Isabela Pereira,(71) 98991-0413,100,Espécie
Natália Ferreira,(71) 99168-0414,85,Espécie
Samuel Ribeiro,(71) 98444-0415,65,Espécie
Elaine Moreira,(71) 93822-0416,0,Não contribuiu
Patrícia Vieira,(71) 95751-0417,25,Espécie
Helena Mendes,(71) 91400-0418,45,Espécie
Thiago Silva,(71) 92478-0419,80,Espécie
Gustavo Costa,(71) 92107-0420,90,Espécie
Isabela Barbosa,(71) 98455-0421,25,PIX
Renata Martins,(71) 98977-0422,30,Espécie
Bruno Moreira,(71) 94422-0423,80,PIX
Juliana Gomes,(71) 98931-0424,95,PIX
Larissa Nascimento,(71) 92891-0425,65,Espécie
Diego Santos,(71) 94266-0426,75,PIX
Daniel Carvalho,(71) 95693-0427,25,Espécie
Elaine Mendes,(71) 93257-0428,0,Não contribuiu
Eduardo Lima,(71) 99537-0429,55,PIX
Thiago Melo,(71) 97711-0430,75,Espécie
Renata Ribeiro,(71) 96251-0431,0,Não contribuiu
Natália Melo,(71) 95384-0432,50,PIX
Beatriz Teixeira,(71) 96648-0433,50,PIX
Isabela Ramos,(71) 96869-0434,30,PIX
Thiago Carvalho,(71) 96439-0435,0,Não contribuiu
Helena Nascimento,(71) 95157-0436,75,PIX
Elaine Vieira,(71) 98030-0437,50,Espécie
Beatriz Ferreira,(71) 97078-0438,50,Espécie
Bruno Vieira,(71) 94365-0439,90,PIX
Isabela Mendes,(71) 92520-0440,85,Espécie
Vinícius Silva,(71) 91891-0441,85,PIX
Thiago Moreira,(71) 92465-0442,0,Não contribuiu
Fernanda Nascimento,(71) 99424-0443,45,Espécie
Renata Mendes,(71) 95065-0444,0,Não contribuiu
Aline Martins,(71) 94176-0445,25,PIX
Patrícia Carvalho,(71) 91503-0446,90,PIX
Vanessa Ramos,(71) 97083-0447,75,Espécie
Mateus Ferreira,(71) 95069-0448,85,Espécie
Sofia Ribeiro,(71) 98009-0449,0,Não contribuiu
Victor Lima,(71) 98460-0450,75,Espécie
Renata Martins,(71) 96374-0451,70,Espécie
Rafael Moreira,(71) 91458-0452,55,PIX
Vanessa Santos,(71) 91023-0453,85,PIX
Camila Souza,(71) 91912-0454,15,PIX
William Dias,(71) 92750-0455,55,Espécie
Fernanda Oliveira,(71) 97561-0456,40,Espécie
Thiago Rocha,(71) 99264-0457,10,Espécie
João Santos,(71) 95572-0458,50,PIX
Sofia Teixeira,(71) 97597-0459,95,Espécie
Sofia Lima,(71) 91400-0460,0,Não contribuiu
Isabela Teixeira,(71) 97568-0461,15,Espécie
Camila Oliveira,(71) 96565-0462,10,Espécie
Renata Carvalho,(71) 93065-0463,50,Espécie
Larissa Ramos,(71) 94159-0464,55,Espécie
Mateus Melo,(71) 92871-0465,0,Não contribuiu
Vinícius Moreira,(71) 93799-0466,0,Não contribuiu
Victor Dias,(71) 92899-0467,0,Não contribuiu
Bruno Silva,(71) 91801-0468,100,PIX
Marcelo Santos,(71) 94852-0469,70,Espécie
Marcelo Santos,(71) 91933-0470,0,Não contribuiu
Yasmin Costa,(71) 95270-0471,15,PIX
Carlos Moreira,(71) 91736-0472,0,Não contribuiu
Renata Teixeira,(71) 99338-0473,0,Não contribuiu
Juliana Pereira,(71) 94773-0474,75,Espécie
Gabriel Vieira,(71) 97334-0475,40,Espécie
Patrícia Moreira,(71) 92727-0476,25,Espécie
Aline Mendes,(71) 92302-0477,50,Espécie
Marcelo Souza,(71) 94381-0478,0,Não contribuiu
Patrícia Teixeira,(71) 97448-0479,60,Espécie
Isabela Ribeiro,(71) 94089-0480,0,Não contribuiu
Simone Oliveira,(71) 96421-0481,10,Espécie
Bruno Dias,(71) 96318-0482,65,PIX
Isabela Santos,(71) 92657-0483,0,Não contribuiu
Daniel Moreira,(71) 98191-0484,95,Espécie
Camila Costa,(71) 99126-0485,25,Espécie
Marcelo Rocha,(71) 92592-0486,35,PIX
Samuel Santos,(71) 91698-0487,0,Não contribuiu
Samuel Souza,(71) 94801-0488,80,PIX
Mariana Teixeira,(71) 97429-0489,65,PIX
Natália Mendes,(71) 94645-0490,45,PIX
Diego Mendes,(71) 99939-0491,35,Espécie
Bruno Dias,(71) 93158-0492,0,Não contribuiu
Camila Vieira,(71) 96145-0493,0,Não contribuiu
Natália Barbosa,(71) 91101-0494,95,Espécie
Vanessa Mendes,(71) 96143-0495,20,PIX
Beatriz Souza,(71) 96391-0496,90,Espécie
Juliana Vieira,(71) 93264-0497,45,PIX
Yasmin Ribeiro,(71) 98249-0498,20,Espécie
Thiago Rocha,(71) 96560-0499,0,Não contribuiu
Gustavo Pereira,(71) 95956-0500,100,Espécie
Lucas Mendes,(71) 97473-0501,85,Espécie
Victor Oliveira,(71) 99434-0502,30,Espécie
Patrícia Ramos,(71) 98698-0503,0,Não contribuiu
Carlos Lima,(71) 98201-0504,85,PIX
William Melo,(71) 96427-0505,10,PIX
Eduardo Moreira,(71) 99437-0506,0,Não contribuiu
Gabriel Moreira,(71) 94028-0507,75,PIX
Rodrigo Silva,(71) 94345-0508,60,Espécie
Natália Ribeiro,(71) 91799-0509,0,Não contribuiu
Simone Souza,(71) 98562-0510,0,Não contribuiu
Marcelo Moreira,(71) 93049-0511,65,Espécie
Victor Almeida,(71) 96606-0512,0,Não contribuiu
João Rocha,(71) 92554-0513,0,Não contribuiu
Yasmin Vieira,(71) 99805-0514,50,Espécie
Marcelo Pereira,(71) 96232-0515,0,Não contribuiu
Paulo Ribeiro,(71) 95611-0516,0,Não contribuiu
Gustavo Santos,(71) 93559-0517,20,Espécie
Aline Moreira,(71) 92438-0518,40,Espécie
Ana Carvalho,(71) 97923-0519,55,PIX
Diego Pereira,(71) 95472-0520,0,Não contribuiu
Rafael Pereira,(71) 94391-0521,65,Espécie
Lucas Souza,(71) 99315-0522,0,Não contribuiu
Gabriel Nascimento,(71) 95424-0523,10,Espécie
Samuel Ribeiro,(71) 99830-0524,85,PIX
Daniel Gomes,(71) 93827-0525,85,PIX
Thiago Gomes,(71) 99766-0526,0,Não contribuiu
João Souza,(71) 98695-0527,0,Não contribuiu
Diego Martins,(71) 91352-0528,10,Espécie
Vanessa Lima,(71) 97586-0529,35,Espécie
Isabela Vieira,(71) 95421-0530,70,PIX
Rodrigo Dias,(71) 98031-0531,95,PIX
Fábio Rocha,(71) 91583-0532,70,Espécie
Rodrigo Souza,(71) 98982-0533,95,PIX
Vinícius Vieira,(71) 94060-0534,0,Não contribuiu
Fernanda Ramos,(71) 99272-0535,55,Espécie
Yasmin Dias,(71) 94569-0536,30,PIX
Rafael Gomes,(71) 98523-0537,80,Espécie
Camila Rocha,(71) 92868-0538,20,Espécie
Renata Vieira,(71) 92841-0539,65,PIX
Vanessa Almeida,(71) 91723-0540,75,Espécie
Sofia Teixeira,(71) 93464-0541,0,Não contribuiu
Larissa Martins,(71) 95266-0542,0,Não contribuiu
Isabela Moreira,(71) 93385-0543,15,PIX
Mariana Dias,(71) 93422-0544,70,PIX
Marcelo Rocha,(71) 96164-0545,0,Não contribuiu
Fernanda Costa,(71) 97144-0546,0,Não contribuiu
Yasmin Costa,(71) 94337-0547,20,Espécie
Victor Souza,(71) 98389-0548,20,PIX
Thiago Nascimento,(71) 93515-0549,85,Espécie
Mateus Rocha,(71) 96235-0550,0,Não contribuiu
Natália Mendes,(71) 95480-0551,75,Espécie
Diego Barbosa,(71) 91964-0552,55,PIX
Rafael Silva,(71) 91025-0553,50,PIX
Renata Barbosa,(71) 93295-0554,35,Espécie
Patrícia Teixeira,(71) 96144-0555,40,PIX
Diego Ferreira,(71) 93575-0556,60,Espécie
Carlos Melo,(71) 96833-0557,0,Não contribuiu
Helena Souza,(71) 97615-0558,60,Espécie
Bruno Moreira,(71) 93902-0559,35,PIX
Renata Carvalho,(71) 97037-0560,85,PIX
Beatriz Santos,(71) 99238-0561,90,PIX
João Santos,(71) 94744-0562,0,Não contribuiu
Ana Melo,(71) 92837-0563,65,Espécie
Bruno Ribeiro,(71) 97497-0564,65,Espécie
Fábio Santos,(71) 95180-0565,30,PIX
Helena Costa,(71) 98945-0566,60,PIX
Mateus Nascimento,(71) 94581-0567,75,Espécie
Vinícius Melo,(71) 95283-0568,85,Espécie
Renata Ramos,(71) 92027-0569,85,PIX
Daniel Moreira,(71) 95098-0570,65,Espécie
Vinícius Dias,(71) 99104-0571,55,PIX
Thiago Ferreira,(71) 94902-0572,30,Espécie
Rodrigo Ferreira,(71) 98403-0573,65,Espécie
Rodrigo Vieira,(71) 99630-0574,0,Não contribuiu
Helena Teixeira,(71) 91682-0575,25,PIX
Ana Teixeira,(71) 98915-0576,0,Não contribuiu
Lucas Silva,(71) 97769-0577,0,Não contribuiu
Larissa Nascimento,(71) 94005-0578,0,Não contribuiu
Gustavo Carvalho,(71) 99287-0579,30,PIX
Diego Ribeiro,(71) 98557-0580,10,PIX
Isabela Carvalho,(71) 94228-0581,40,PIX
Larissa Santos,(71) 96511-0582,0,Não contribuiu
Elaine Martins,(71) 93213-0583,25,PIX
Fernanda Pereira,(71) 95501-0584,0,Não contribuiu
Rafael Souza,(71) 93477-0585,0,Não contribuiu
Patrícia Pereira,(71) 97423-0586,90,Espécie
Rodrigo Costa,(71) 94426-0587,80,Espécie
Vinícius Nascimento,(71) 96729-0588,100,Espécie
Lucas Nascimento,(71) 97129-0589,0,Não contribuiu
Daniel Gomes,(71) 94368-0590,80,PIX
Mateus Melo,(71) 91127-0591,85,Espécie
Natália Carvalho,(71) 93732-0592,10,Espécie
João Souza,(71) 95278-0593,100,PIX
Isabela Almeida,(71) 96143-0594,25,PIX
Camila Ferreira,(71) 92463-0595,20,Espécie
Carlos Dias,(71) 92448-0596,90,Espécie
Ana Rocha,(71) 99827-0597,15,PIX
Thiago Dias,(71) 95237-0598,15,Espécie
Beatriz Oliveira,(71) 99309-0599,85,PIX
Gabriel Moreira,(71) 99269-0600,80,Espécie
Isabela Nascimento,(71) 94604-0601,60,Espécie
Mariana Silva,(71) 95715-0602,10,Espécie
Larissa Barbosa,(71) 96546-0603,30,Espécie
Carlos Carvalho,(71) 93765-0604,35,PIX
Lucas Santos,(71) 93736-0605,50,PIX
Juliana Barbosa,(71) 97201-0606,65,PIX
Eduardo Teixeira,(71) 94261-0607,90,PIX
Vinícius Carvalho,(71) 91913-0608,45,PIX
Marcelo Ferreira,(71) 99984-0609,65,PIX
Lucas Silva,(71) 91326-0610,100,PIX
Ana Costa,(71) 97952-0611,55,PIX
Natália Carvalho,(71) 97956-0612,70,Espécie
William Costa,(71) 96289-0613,35,PIX
João Melo,(71) 95970-0614,0,Não contribuiu
Victor Souza,(71) 92751-0615,0,Não contribuiu
Ana Carvalho,(71) 96671-0616,95,PIX
Mariana Lima,(71) 94078-0617,40,Espécie
Daniel Carvalho,(71) 93173-0618,55,PIX
Marcelo Oliveira,(71) 91827-0619,70,Espécie
Vinícius Almeida,(71) 93939-0620,50,Espécie
Thiago Costa,(71) 94011-0621,65,Espécie
João Rocha,(71) 98125-0622,95,Espécie
Eduardo Pereira,(71) 93745-0623,30,Espécie
Gustavo Lima,(71) 97726-0624,40,Espécie
Rafael Almeida,(71) 92801-0625,50,Espécie
Simone Rocha,(71) 93846-0626,80,PIX
Mateus Nascimento,(71) 91191-0627,35,Espécie
Daniel Mendes,(71) 99243-0628,100,PIX
Yasmin Souza,(71) 92144-0629,45,PIX
Gabriel Moreira,(71) 99100-0630,0,Não contribuiu
Fábio Vieira,(71) 99312-0631,95,Espécie
Ana Costa,(71) 99382-0632,0,Não contribuiu
Yasmin Ramos,(71) 99430-0633,100,Espécie
Vinícius Silva,(71) 98837-0634,100,PIX
Isabela Teixeira,(71) 97070-0635,70,Espécie
Daniel Costa,(71) 99267-0636,45,PIX
Fernanda Martins,(71) 94531-0637,100,PIX
Yasmin Ramos,(71) 97719-0638,80,PIX
Marcelo Santos,(71) 92480-0639,90,Espécie
Aline Barbosa,(71) 97984-0640,75,Espécie
Yasmin Mendes,(71) 95718-0641,10,Espécie
Vanessa Costa,(71) 97430-0642,15,PIX
Marcelo Pereira,(71) 92195-0643,30,PIX
Fábio Teixeira,(71) 94582-0644,70,PIX
Simone Vieira,(71) 99670-0645,40,PIX
Gustavo Carvalho,(71) 97286-0646,85,PIX
Patrícia Martins,(71) 97624-0647,50,Espécie
William Rocha,(71) 97300-0648,15,PIX
Camila Pereira,(71) 99078-0649,35,PIX
Gustavo Moreira,(71) 96052-0650,75,PIX
Natália Pereira,(71) 99014-0651,20,Espécie
Isabela Dias,(71) 99550-0652,90,PIX
Mateus Ferreira,(71) 95476-0653,15,PIX
Elaine Melo,(71) 98528-0654,60,Espécie
Ana Dias,(71) 98865-0655,25,Espécie
Natália Carvalho,(71) 94635-0656,10,Espécie
Rodrigo Carvalho,(71) 93470-0657,0,Não contribuiu
Paulo Costa,(71) 95380-0658,20,PIX
Sofia Lima,(71) 94950-0659,0,Não contribuiu
Larissa Mendes,(71) 99884-0660,0,Não contribuiu
Fábio Mendes,(71) 91807-0661,0,Não contribuiu
Bruno Ferreira,(71) 93375-0662,40,Espécie
Rafael Moreira,(71) 91177-0663,25,PIX
Lucas Barbosa,(71) 98592-0664,90,Espécie
Bruno Carvalho,(71) 96763-0665,40,PIX
Isabela Costa,(71) 94202-0666,70,PIX
Diego Vieira,(71) 97049-0667,0,Não contribuiu
Diego Ferreira,(71) 93580-0668,0,Não contribuiu
Lucas Almeida,(71) 97625-0669,0,Não contribuiu
Patrícia Almeida,(71) 96807-0670,25,Espécie
Natália Vieira,(71) 93169-0671,15,PIX
Thiago Rocha,(71) 96610-0672,95,PIX
Ana Carvalho,(71) 91171-0673,0,Não contribuiu
Simone Oliveira,(71) 92711-0674,85,Espécie
Fábio Gomes,(71) 92977-0675,0,Não contribuiu
Vinícius Nascimento,(71) 96322-0676,15,PIX
João Lima,(71) 95780-0677,95,Espécie
Paulo Lima,(71) 99363-0678,55,Espécie
Camila Silva,(71) 93131-0679,15,Espécie
Ana Costa,(71) 91788-0680,45,Espécie
Camila Ribeiro,(71) 98723-0681,0,Não contribuiu
Marcelo Barbosa,(71) 96346-0682,0,Não contribuiu
Camila Martins,(71) 98657-0683,10,PIX
Elaine Ramos,(71) 98452-0684,0,Não contribuiu
Beatriz Ribeiro,(71) 93065-0685,0,Não contribuiu
Camila Oliveira,(71) 91879-0686,0,Não contribuiu
Bruno Gomes,(71) 98147-0687,85,Espécie
Rodrigo Teixeira,(71) 95322-0688,25,PIX
Beatriz Silva,(71) 99745-0689,75,Espécie
Sofia Barbosa,(71) 97810-0690,15,Espécie
Carlos Carvalho,(71) 94445-0691,35,PIX
Aline Almeida,(71) 93985-0692,35,Espécie
Mariana Costa,(71) 99714-0693,40,PIX
Isabela Oliveira,(71) 99054-0694,30,PIX
Lucas Moreira,(71) 99401-0695,0,Não contribuiu
Ana Ferreira,(71) 93326-0696,100,PIX
Bruno Gomes,(71) 94582-0697,0,Não contribuiu
Beatriz Mendes,(71) 91198-0698,0,Não contribuiu
Bruno Barbosa,(71) 97472-0699,25,PIX
Thiago Costa,(71) 93746-0700,0,Não contribuiu
Fábio Ferreira,(71) 98071-0701,60,Espécie
Yasmin Rocha,(71) 91989-0702,75,Espécie
Rafael Lima,(71) 97926-0703,0,Não contribuiu
Patrícia Teixeira,(71) 94969-0704,20,Espécie
Gabriel Souza,(71) 91771-0705,40,Espécie
Diego Souza,(71) 95859-0706,85,PIX
Ana Nascimento,(71) 98629-0707,65,PIX
Daniel Rocha,(71) 95197-0708,75,PIX
Juliana Rocha,(71) 92348-0709,75,Espécie
Gabriel Pereira,(71) 95856-0710,45,Espécie
William Oliveira,(71) 91267-0711,70,PIX
Camila Martins,(71) 95083-0712,75,PIX
Patrícia Nascimento,(71) 94916-0713,95,PIX
Ana Souza,(71) 92423-0714,55,Espécie
Victor Melo,(71) 96281-0715,10,Espécie
Mateus Martins,(71) 92514-0716,70,PIX
Mariana Almeida,(71) 98076-0717,0,Não contribuiu
Patrícia Vieira,(71) 93299-0718,0,Não contribuiu
Aline Martins,(71) 91741-0719,25,PIX
Fernanda Costa,(71) 97307-0720,10,PIX
Rodrigo Teixeira,(71) 91146-0721,90,PIX
Thiago Almeida,(71) 93391-0722,30,Espécie
Fernanda Nascimento,(71) 95965-0723,55,Espécie
Patrícia Gomes,(71) 93608-0724,75,PIX
Victor Mendes,(71) 97289-0725,0,Não contribuiu
Beatriz Silva,(71) 98709-0726,65,Espécie
Mariana Lima,(71) 91558-0727,70,PIX
Patrícia Pereira,(71) 95401-0728,35,Espécie
Camila Carvalho,(71) 93821-0729,0,Não contribuiu
Larissa Vieira,(71) 98590-0730,90,Espécie
Natália Costa,(71) 99173-0731,0,Não contribuiu
Samuel Ferreira,(71) 99943-0732,75,Espécie
Vinícius Oliveira,(71) 96049-0733,15,PIX
Elaine Dias,(71) 94623-0734,25,PIX
João Santos,(71) 99250-0735,60,Espécie
Camila Pereira,(71) 93278-0736,50,PIX
Eduardo Rocha,(71) 98592-0737,40,PIX
Yasmin Martins,(71) 91116-0738,90,Espécie
Natália Carvalho,(71) 98853-0739,0,Não contribuiu
Isabela Nascimento,(71) 98453-0740,0,Não contribuiu
Daniel Santos,(71) 98132-0741,75,PIX
Beatriz Costa,(71) 96667-0742,0,Não contribuiu
Paulo Barbosa,(71) 92581-0743,40,PIX
Rafael Lima,(71) 94979-0744,30,PIX
Fernanda Moreira,(71) 91450-0745,70,PIX
Larissa Dias,(71) 96520-0746,0,Não contribuiu
Gustavo Gomes,(71) 94099-0747,55,PIX
Camila Carvalho,(71) 98908-0748,80,PIX
Natália Ribeiro,(71) 91989-0749,100,PIX
Juliana Costa,(71) 94816-0750,10,Espécie
Ana Silva,(71) 99111-0751,80,PIX
Helena Silva,(71) 98055-0752,55,PIX
Aline Mendes,(71) 96981-0753,85,Espécie
Elaine Teixeira,(71) 92447-0754,70,PIX
Lucas Teixeira,(71) 96514-0755,35,PIX
Gabriel Oliveira,(71) 97653-0756,95,Espécie
João Barbosa,(71) 98511-0757,90,PIX
Natália Ferreira,(71) 93949-0758,75,Espécie
Mateus Gomes,(71) 93439-0759,0,Não contribuiu
Isabela Mendes,(71) 95001-0760,15,Espécie
Daniel Mendes,(71) 94512-0761,30,PIX
Samuel Gomes,(71) 97592-0762,15,PIX
Fábio Rocha,(71) 98580-0763,0,Não contribuiu
Simone Vieira,(71) 96142-0764,95,Espécie
Patrícia Martins,(71) 96557-0765,55,PIX
Gabriel Moreira,(71) 92143-0766,40,PIX
Juliana Moreira,(71) 98773-0767,0,Não contribuiu
Fábio Ferreira,(71) 93766-0768,65,Espécie
Paulo Santos,(71) 96139-0769,50,PIX
Rodrigo Barbosa,(71) 95375-0770,85,Espécie
Thiago Lima,(71) 98751-0771,95,Espécie
Rodrigo Ferreira,(71) 99518-0772,15,PIX
Natália Vieira,(71) 97524-0773,0,Não contribuiu
Vanessa Dias,(71) 94361-0774,10,Espécie
Fernanda Carvalho,(71) 91528-0775,60,Espécie
Mateus Silva,(71) 93931-0776,30,PIX
Elaine Ferreira,(71) 91525-0777,35,Espécie
Eduardo Ramos,(71) 93170-0778,10,Espécie
Camila Costa,(71) 95338-0779,65,Espécie
Beatriz Souza,(71) 97255-0780,40,PIX
Eduardo Barbosa,(71) 92563-0781,0,Não contribuiu
Natália Pereira,(71) 91744-0782,30,PIX
Fernanda Souza,(71) 99103-0783,0,Não contribuiu
Eduardo Souza,(71) 94303-0784,20,PIX
William Santos,(71) 99257-0785,15,PIX
Diego Teixeira,(71) 98213-0786,65,Espécie
Juliana Costa,(71) 98705-0787,0,Não contribuiu
Rafael Almeida,(71) 92035-0788,0,Não contribuiu
Fernanda Moreira,(71) 94223-0789,65,PIX
Rodrigo Gomes,(71) 94596-0790,0,Não contribuiu
Diego Teixeira,(71) 92002-0791,90,Espécie
Yasmin Carvalho,(71) 91918-0792,70,PIX
Ana Gomes,(71) 98832-0793,50,PIX
Helena Souza,(71) 99977-0794,0,Não contribuiu
Eduardo Dias,(71) 93464-0795,85,Espécie
Carlos Carvalho,(71) 93959-0796,80,Espécie
Mariana Martins,(71) 99567-0797,40,Espécie
Gustavo Carvalho,(71) 92510-0798,15,Espécie
Fernanda Moreira,(71) 99824-0799,0,Não contribuiu
Sofia Ferreira,(71) 91206-0800,20,Espécie
Samuel Nascimento,(71) 96158-0801,0,Não contribuiu
Mariana Pereira,(71) 95109-0802,90,PIX
Daniel Oliveira,(71) 98944-0803,25,Espécie
Fernanda Barbosa,(71) 94381-0804,60,Espécie
Renata Carvalho,(71) 92723-0805,20,PIX
Rodrigo Rocha,(71) 92421-0806,20,Espécie
Carlos Ferreira,(71) 92344-0807,0,Não contribuiu
Camila Oliveira,(71) 99202-0808,90,Espécie
Mateus Vieira,(71) 99789-0809,100,PIX
Juliana Ramos,(71) 92864-0810,0,Não contribuiu
Samuel Silva,(71) 93486-0811,0,Não contribuiu
Patrícia Nascimento,(71) 91192-0812,60,Espécie
Vanessa Almeida,(71) 99144-0813,65,PIX
Gustavo Barbosa,(71) 96673-0814,85,Espécie
Renata Souza,(71) 98430-0815,30,Espécie
Rodrigo Pereira,(71) 99572-0816,95,Espécie
Ana Ferreira,(71) 92215-0817,15,PIX
Sofia Costa,(71) 99243-0818,10,PIX
Vanessa Rocha,(71) 94340-0819,0,Não contribuiu
Carlos Carvalho,(71) 99038-0820,20,PIX
Juliana Martins,(71) 99601-0821,25,Espécie
Mariana Carvalho,(71) 91625-0822,70,Espécie
Lucas Silva,(71) 97434-0823,35,Espécie
Gabriel Oliveira,(71) 98298-0824,20,PIX
Aline Silva,(71) 99956-0825,60,PIX
Mariana Ribeiro,(71) 93283-0826,0,Não contribuiu
Rafael Melo,(71) 91728-0827,25,Espécie
Eduardo Souza,(71) 95875-0828,40,Espécie
Lucas Gomes,(71) 98297-0829,65,PIX
Mariana Ribeiro,(71) 98525-0830,0,Não contribuiu
Simone Mendes,(71) 96066-0831,70,Espécie
Victor Rocha,(71) 97442-0832,35,PIX
Natália Teixeira,(71) 93815-0833,80,PIX
Renata Melo,(71) 98446-0834,65,Espécie
Vinícius Almeida,(71) 98140-0835,25,Espécie
Gustavo Souza,(71) 96239-0836,0,Não contribuiu
Isabela Almeida,(71) 92298-0837,65,PIX
Simone Rocha,(71) 97413-0838,85,PIX
Victor Dias,(71) 97499-0839,20,Espécie
Fernanda Martins,(71) 92586-0840,20,Espécie
Daniel Martins,(71) 94687-0841,95,PIX
Renata Oliveira,(71) 93622-0842,80,Espécie
Carlos Melo,(71) 93631-0843,10,PIX
Isabela Dias,(71) 92640-0844,30,Espécie
Samuel Pereira,(71) 95755-0845,45,PIX
Simone Dias,(71) 99694-0846,55,Espécie
Gustavo Barbosa,(71) 98189-0847,60,Espécie
Elaine Barbosa,(71) 99527-0848,0,Não contribuiu
Rodrigo Nascimento,(71) 99727-0849,10,Espécie
Mateus Almeida,(71) 99890-0850,60,PIX
Victor Nascimento,(71) 99510-0851,0,Não contribuiu
Helena Ramos,(71) 94740-0852,0,Não contribuiu
Simone Ribeiro,(71) 93919-0853,55,Espécie
Rafael Ribeiro,(71) 97029-0854,0,Não contribuiu
Rafael Martins,(71) 91220-0855,90,PIX
João Mendes,(71) 93807-0856,0,Não contribuiu
Juliana Pereira,(71) 94904-0857,90,PIX
Vinícius Mendes,(71) 96219-0858,80,PIX
Bruno Santos,(71) 99977-0859,55,Espécie
Paulo Moreira,(71) 95657-0860,0,Não contribuiu
Renata Martins,(71) 93579-0861,0,Não contribuiu
Aline Pereira,(71) 95065-0862,55,PIX
Lucas Ferreira,(71) 91135-0863,35,Espécie
Ana Gomes,(71) 99820-0864,0,Não contribuiu
Vanessa Melo,(71) 97975-0865,95,Espécie
Vinícius Ramos,(71) 99456-0866,0,Não contribuiu
Samuel Silva,(71) 95154-0867,55,Espécie
Rodrigo Oliveira,(71) 95583-0868,10,Espécie
Patrícia Lima,(71) 93095-0869,0,Não contribuiu
Vanessa Moreira,(71) 96824-0870,65,PIX
Mateus Almeida,(71) 93179-0871,90,PIX
Helena Martins,(71) 91515-0872,100,PIX
Bruno Silva,(71) 99739-0873,0,Não contribuiu
Patrícia Barbosa,(71) 95348-0874,80,Espécie
Isabela Ramos,(71) 95526-0875,50,PIX
Mateus Oliveira,(71) 92273-0876,25,PIX
Camila Ferreira,(71) 92692-0877,0,Não contribuiu
Simone Almeida,(71) 92331-0878,30,Espécie
Eduardo Gomes,(71) 95595-0879,0,Não contribuiu
João Ramos,(71) 93661-0880,0,Não contribuiu
Elaine Ramos,(71) 96275-0881,0,Não contribuiu
Daniel Costa,(71) 96112-0882,85,Espécie
Larissa Costa,(71) 92587-0883,0,Não contribuiu
Gabriel Souza,(71) 93054-0884,20,PIX
Marcelo Souza,(71) 93153-0885,45,Espécie
Isabela Carvalho,(71) 91671-0886,65,Espécie
Elaine Dias,(71) 92256-0887,25,PIX
João Rocha,(71) 97200-0888,10,Espécie
Patrícia Nascimento,(71) 95126-0889,60,PIX
Beatriz Gomes,(71) 97263-0890,0,Não contribuiu
Victor Dias,(71) 97850-0891,65,Espécie
Victor Rocha,(71) 98114-0892,55,PIX
Isabela Souza,(71) 96228-0893,15,Espécie
Elaine Moreira,(71) 91942-0894,95,Espécie
Eduardo Oliveira,(71) 92186-0895,15,Espécie
Rafael Ferreira,(71) 97204-0896,50,Espécie
William Martins,(71) 98284-0897,0,Não contribuiu
Vanessa Nascimento,(71) 97297-0898,65,Espécie
Renata Teixeira,(71) 93380-0899,55,Espécie
Carlos Gomes,(71) 98421-0900,45,Espécie
Isabela Mendes,(71) 91471-0901,0,Não contribuiu
Samuel Ferreira,(71) 97928-0902,55,Espécie
Beatriz Teixeira,(71) 98313-0903,20,Espécie
Paulo Carvalho,(71) 95102-0904,15,PIX
Beatriz Ramos,(71) 95080-0905,0,Não contribuiu
Rodrigo Ramos,(71) 91081-0906,55,PIX
Patrícia Silva,(71) 91125-0907,100,PIX
Fernanda Oliveira,(71) 92861-0908,0,Não contribuiu
Fernanda Dias,(71) 99431-0909,0,Não contribuiu
Isabela Vieira,(71) 91174-0910,0,Não contribuiu
Fernanda Costa,(71) 95748-0911,45,Espécie
Gabriel Vieira,(71) 97369-0912,0,Não contribuiu
Victor Lima,(71) 98009-0913,30,PIX
Vinícius Teixeira,(71) 93220-0914,55,PIX
Mariana Melo,(71) 92429-0915,40,PIX
Vinícius Ferreira,(71) 95303-0916,15,PIX
Mateus Ferreira,(71) 91639-0917,95,PIX
Larissa Martins,(71) 93920-0918,0,Não contribuiu
Sofia Ramos,(71) 98833-0919,35,PIX
Carlos Dias,(71) 94969-0920,45,Espécie
Larissa Melo,(71) 98884-0921,15,Espécie
Vinícius Melo,(71) 95426-0922,35,Espécie
Samuel Teixeira,(71) 91118-0923,85,PIX
Victor Barbosa,(71) 95064-0924,65,Espécie
Carlos Rocha,(71) 98959-0925,70,Espécie
Rafael Ribeiro,(71) 95391-0926,30,Espécie
Mateus Moreira,(71) 92763-0927,45,PIX
Vanessa Barbosa,(71) 92413-0928,15,PIX
Samuel Mendes,(71) 94985-0929,20,Espécie
Bruno Melo,(71) 91609-0930,80,PIX
Rodrigo Moreira,(71) 99218-0931,75,PIX
Patrícia Costa,(71) 97590-0932,100,PIX
Carlos Vieira,(71) 91646-0933,20,PIX
Rafael Rocha,(71) 99206-0934,70,PIX
Helena Gomes,(71) 96666-0935,90,PIX
Victor Almeida,(71) 96043-0936,10,Espécie
Juliana Ferreira,(71) 96040-0937,0,Não contribuiu
Aline Moreira,(71) 99094-0938,60,PIX
Aline Barbosa,(71) 99288-0939,75,Espécie
Gustavo Ramos,(71) 95593-0940,90,PIX
Carlos Pereira,(71) 96356-0941,75,PIX
Aline Teixeira,(71) 93930-0942,0,Não contribuiu
João Carvalho,(71) 96689-0943,0,Não contribuiu
Thiago Ferreira,(71) 93772-0944,40,PIX
Mariana Martins,(71) 98251-0945,20,PIX
João Silva,(71) 96491-0946,75,PIX
Lucas Silva,(71) 98303-0947,0,Não contribuiu
Eduardo Costa,(71) 93986-0948,45,PIX
Camila Silva,(71) 97382-0949,50,PIX
William Pereira,(71) 93795-0950,95,Espécie
Daniel Costa,(71) 96025-0951,20,PIX
Carlos Teixeira,(71) 93266-0952,30,PIX
Ana Pereira,(71) 94849-0953,0,Não contribuiu
Eduardo Moreira,(71) 94021-0954,0,Não contribuiu
Sofia Ramos,(71) 99291-0955,0,Não contribuiu
Eduardo Rocha,(71) 92287-0956,30,PIX
Fernanda Pereira,(71) 94546-0957,95,PIX
Daniel Silva,(71) 92965-0958,80,Espécie
Victor Melo,(71) 95884-0959,20,PIX
Sofia Silva,(71) 99595-0960,95,Espécie
Rafael Santos,(71) 95890-0961,30,Espécie
Paulo Gomes,(71) 94273-0962,100,PIX
Beatriz Ribeiro,(71) 93380-0963,40,PIX
Diego Gomes,(71) 98974-0964,0,Não contribuiu
Renata Mendes,(71) 91046-0965,60,PIX
Helena Rocha,(71) 98410-0966,60,PIX
Vinícius Costa,(71) 99346-0967,75,PIX
Rodrigo Carvalho,(71) 95110-0968,100,Espécie
Helena Ramos,(71) 95809-0969,85,Espécie
Carlos Melo,(71) 91369-0970,0,Não contribuiu
Sofia Mendes,(71) 92522-0971,55,PIX
Gabriel Silva,(71) 96639-0972,0,Não contribuiu
Bruno Silva,(71) 92314-0973,55,Espécie
Victor Vieira,(71) 97948-0974,50,PIX
Yasmin Gomes,(71) 94032-0975,10,Espécie
Yasmin Melo,(71) 96027-0976,45,PIX
Paulo Teixeira,(71) 99231-0977,95,PIX
Bruno Oliveira,(71) 97016-0978,0,Não contribuiu
Mateus Ribeiro,(71) 92161-0979,0,Não contribuiu
Vanessa Almeida,(71) 95038-0980,60,Espécie
João Moreira,(71) 94314-0981,100,PIX
Beatriz Moreira,(71) 96003-0982,10,Espécie
Isabela Santos,(71) 99844-0983,50,PIX
Fábio Moreira,(71) 99386-0984,60,PIX
Isabela Almeida,(71) 95961-0985,0,Não contribuiu
Helena Dias,(71) 96808-0986,15,Espécie
Mariana Nascimento,(71) 96051-0987,40,Espécie
Paulo Barbosa,(71) 91925-0988,45,Espécie
Lucas Martins,(71) 91273-0989,65,PIX
Renata Pereira,(71) 99796-0990,0,Não contribuiu
Rafael Lima,(71) 91725-0991,55,PIX
Bruno Nascimento,(71) 95652-0992,0,Não contribuiu
Aline Dias,(71) 98713-0993,0,Não contribuiu
Camila Pereira,(71) 93731-0994,40,PIX
Vanessa Rocha,(71) 93115-0995,0,Não contribuiu
Fernanda Nascimento,(71) 91316-0996,30,Espécie
Paulo Ribeiro,(71) 95322-0997,10,PIX
Marcelo Ribeiro,(71) 96996-0998,100,PIX
Eduardo Rocha,(71) 95855-0999,20,PIX
Beatriz Melo,(71) 92385-1000,95,PIX
Lucas Mendes,(71) 95209-1001,30,PIX
Larissa Costa,(71) 99560-1002,65,PIX
Mariana Teixeira,(71) 95993-1003,90,PIX
Daniel Carvalho,(71) 91767-1004,0,Não contribuiu
Thiago Vieira,(71) 95039-1005,85,Espécie
Mariana Carvalho,(71) 99487-1006,50,PIX
Daniel Oliveira,(71) 98090-1007,0,Não contribuiu
Fábio Teixeira,(71) 91112-1008,0,Não contribuiu
Rodrigo Ramos,(71) 91688-1009,50,PIX
Fábio Vieira,(71) 94018-1010,60,PIX
Rafael Mendes,(71) 96204-1011,75,PIX
Elaine Lima,(71) 91128-1012,0,Não contribuiu
Aline Rocha,(71) 94721-1013,35,Espécie
Thiago Ferreira,(71) 94420-1014,55,Espécie
Victor Carvalho,(71) 94466-1015,40,PIX
Patrícia Martins,(71) 97015-1016,85,PIX
Patrícia Barbosa,(71) 98530-1017,10,PIX
Beatriz Almeida,(71) 96709-1018,50,Espécie
Carlos Souza,(71) 93742-1019,0,Não contribuiu
Gabriel Moreira,(71) 97024-1020,25,PIX
Elaine Ferreira,(71) 94382-1021,65,Espécie
Yasmin Oliveira,(71) 91383-1022,20,PIX
Thiago Gomes,(71) 95604-1023,20,PIX
Larissa Vieira,(71) 92678-1024,10,Espécie
Carlos Moreira,(71) 93566-1025,35,PIX
Aline Costa,(71) 91506-1026,50,Espécie
Patrícia Lima,(71) 97123-1027,100,PIX
Samuel Mendes,(71) 94468-1028,35,Espécie
Yasmin Teixeira,(71) 93868-1029,40,PIX
Sofia Almeida,(71) 93768-1030,75,PIX
Daniel Silva,(71) 92351-1031,95,PIX
Aline Silva,(71) 92042-1032,55,PIX
Mateus Barbosa,(71) 97993-1033,0,Não contribuiu
Fábio Barbosa,(71) 99604-1034,100,Espécie
Elaine Moreira,(71) 91482-1035,90,Espécie
William Mendes,(71) 97098-1036,0,Não contribuiu
Natália Souza,(71) 97372-1037,0,Não contribuiu
Vanessa Oliveira,(71) 93372-1038,60,PIX
Mariana Carvalho,(71) 92044-1039,0,Não contribuiu
Diego Gomes,(71) 96752-1040,20,Espécie
Samuel Carvalho,(71) 95327-1041,40,PIX
João Pereira,(71) 92481-1042,0,Não contribuiu
Victor Pereira,(71) 94823-1043,0,Não contribuiu
Vinícius Martins,(71) 92521-1044,25,Espécie
Fernanda Santos,(71) 97788-1045,35,PIX
Gabriel Ramos,(71) 97320-1046,40,PIX
Rafael Moreira,(71) 95131-1047,15,Espécie
Aline Souza,(71) 96084-1048,70,PIX
Beatriz Dias,(71) 99362-1049,80,Espécie
Rafael Rocha,(71) 94781-1050,100,PIX
Victor Souza,(71) 94805-1051,40,PIX
Victor Souza,(71) 99529-1052,0,Não contribuiu
Natália Silva,(71) 99709-1053,65,PIX
Vinícius Ferreira,(71) 98889-1054,0,Não contribuiu
Renata Melo,(71) 96493-1055,90,Espécie
Rodrigo Almeida,(71) 97130-1056,0,Não contribuiu
Sofia Pereira,(71) 96137-1057,85,PIX
Mariana Teixeira,(71) 93498-1058,25,Espécie
Eduardo Pereira,(71) 98610-1059,75,PIX
Vanessa Vieira,(71) 92344-1060,100,PIX
João Santos,(71) 93934-1061,45,PIX
Daniel Costa,(71) 92449-1062,35,Espécie
Mateus Moreira,(71) 99178-1063,80,PIX
Yasmin Souza,(71) 99405-1064,30,Espécie
Patrícia Ribeiro,(71) 94347-1065,0,Não contribuiu
Beatriz Ramos,(71) 92003-1066,65,Espécie
Renata Lima,(71) 98140-1067,60,Espécie
Patrícia Nascimento,(71) 99160-1068,0,Não contribuiu
Juliana Oliveira,(71) 91244-1069,20,PIX
Larissa Santos,(71) 99409-1070,0,Não contribuiu
Vanessa Mendes,(71) 94044-1071,25,PIX
Samuel Rocha,(71) 95153-1072,90,PIX
Larissa Teixeira,(71) 95611-1073,70,Espécie
Lucas Santos,(71) 96524-1074,20,Espécie
Sofia Dias,(71) 91599-1075,0,Não contribuiu
João Silva,(71) 99250-1076,70,PIX
Mariana Gomes,(71) 96335-1077,90,Espécie
Helena Lima,(71) 98261-1078,0,Não contribuiu
Gustavo Gomes,(71) 92375-1079,45,Espécie
Paulo Silva,(71) 97138-1080,85,Espécie
Diego Dias,(71) 96206-1081,65,PIX
Paulo Costa,(71) 94309-1082,15,PIX
Fábio Carvalho,(71) 91679-1083,35,PIX
Daniel Almeida,(71) 96097-1084,50,Espécie
Eduardo Souza,(71) 96061-1085,60,Espécie
Aline Vieira,(71) 93962-1086,85,Espécie
Larissa Almeida,(71) 96776-1087,55,Espécie
Diego Mendes,(71) 96356-1088,95,PIX
Juliana Ferreira,(71) 91815-1089,55,Espécie
Gustavo Martins,(71) 94022-1090,45,PIX
Mariana Moreira,(71) 91672-1091,15,Espécie
Helena Teixeira,(71) 93109-1092,100,PIX
Camila Vieira,(71) 93849-1093,40,Espécie
Rodrigo Barbosa,(71) 91957-1094,20,Espécie
Ana Teixeira,(71) 93335-1095,0,Não contribuiu
Rafael Santos,(71) 92882-1096,15,PIX
Gabriel Martins,(71) 92549-1097,25,Espécie
William Martins,(71) 95641-1098,50,Espécie
Patrícia Carvalho,(71) 96672-1099,15,Espécie
Marcelo Dias,(71) 92434-1100,0,Não contribuiu
Helena Silva,(71) 93103-1101,20,PIX
Thiago Martins,(71) 93301-1102,65,Espécie
Fábio Carvalho,(71) 97000-1103,0,Não contribuiu
Lucas Teixeira,(71) 95473-1104,0,Não contribuiu
Beatriz Ribeiro,(71) 95467-1105,35,Espécie
Thiago Dias,(71) 95395-1106,25,PIX
Mariana Gomes,(71) 94768-1107,100,PIX
Vinícius Mendes,(71) 95870-1108,35,PIX
João Souza,(71) 91617-1109,0,Não contribuiu
Larissa Souza,(71) 99530-1110,10,PIX
William Souza,(71) 97508-1111,0,Não contribuiu
Beatriz Santos,(71) 93453-1112,0,Não contribuiu
João Pereira,(71) 94361-1113,90,PIX
Simone Lima,(71) 98786-1114,0,Não contribuiu
Isabela Lima,(71) 92495-1115,0,Não contribuiu
Bruno Moreira,(71) 94670-1116,35,PIX
Fernanda Vieira,(71) 95117-1117,50,Espécie
Carlos Nascimento,(71) 94589-1118,0,Não contribuiu
Fábio Martins,(71) 91270-1119,50,Espécie
Camila Lima,(71) 91480-1120,0,Não contribuiu
Helena Melo,(71) 95392-1121,95,PIX
Carlos Lima,(71) 94205-1122,55,PIX
Gustavo Ramos,(71) 96218-1123,80,Espécie
Patrícia Rocha,(71) 99428-1124,70,PIX
Natália Martins,(71) 91142-1125,100,PIX
Samuel Santos,(71) 99672-1126,80,Espécie
Yasmin Ribeiro,(71) 94604-1127,95,Espécie
Sofia Costa,(71) 99254-1128,65,Espécie
Simone Mendes,(71) 99741-1129,0,Não contribuiu
Helena Rocha,(71) 94935-1130,45,Espécie
Yasmin Ramos,(71) 95752-1131,0,Não contribuiu
Gustavo Silva,(71) 97668-1132,90,Espécie
Vanessa Dias,(71) 94774-1133,45,Espécie
Vanessa Ribeiro,(71) 98355-1134,10,PIX
Ana Silva,(71) 96334-1135,35,PIX
Aline Carvalho,(71) 96386-1136,95,Espécie
Gustavo Oliveira,(71) 95434-1137,70,PIX
William Costa,(71) 95974-1138,35,Espécie
Victor Moreira,(71) 97287-1139,75,Espécie
Samuel Santos,(71) 96390-1140,0,Não contribuiu
Patrícia Martins,(71) 91633-1141,55,Espécie
Carlos Martins,(71) 97090-1142,25,Espécie
Gustavo Souza,(71) 99523-1143,85,PIX
Carlos Mendes,(71) 98677-1144,15,Espécie
Fernanda Silva,(71) 97779-1145,85,Espécie
Ana Oliveira,(71) 99647-1146,65,PIX
Ana Ferreira,(71) 92983-1147,20,PIX
Aline Almeida,(71) 93695-1148,60,Espécie
Fernanda Costa,(71) 96578-1149,85,PIX
Thiago Lima,(71) 98748-1150,0,Não contribuiu
Juliana Gomes,(71) 99865-1151,50,Espécie
Gabriel Pereira,(71) 96641-1152,0,Não contribuiu
Gustavo Almeida,(71) 97366-1153,0,Não contribuiu
Larissa Moreira,(71) 96996-1154,0,Não contribuiu
Fábio Melo,(71) 91345-1155,10,Espécie
Elaine Melo,(71) 94876-1156,95,PIX
Vanessa Mendes,(71) 94598-1157,40,PIX
Fernanda Teixeira,(71) 91647-1158,45,PIX
Juliana Nascimento,(71) 96410-1159,0,Não contribuiu
Patrícia Moreira,(71) 94014-1160,65,Espécie
Sofia Ribeiro,(71) 97339-1161,100,Espécie
Lucas Barbosa,(71) 99148-1162,0,Não contribuiu
William Martins,(71) 98794-1163,85,PIX
Juliana Lima,(71) 93986-1164,50,Espécie
Aline Ramos,(71) 97078-1165,80,Espécie
Sofia Costa,(71) 98051-1166,0,Não contribuiu
Victor Oliveira,(71) 99899-1167,90,PIX
Bruno Melo,(71) 97076-1168,70,PIX
Elaine Moreira,(71) 98282-1169,0,Não contribuiu
Lucas Mendes,(71) 98334-1170,0,Não contribuiu
Renata Pereira,(71) 96934-1171,65,Espécie
William Oliveira,(71) 91255-1172,45,PIX
Gustavo Dias,(71) 99047-1173,25,PIX
Eduardo Melo,(71) 97082-1174,20,PIX
Gabriel Souza,(71) 93494-1175,45,PIX
Victor Lima,(71) 93691-1176,70,Espécie
João Martins,(71) 97501-1177,0,Não contribuiu
Vanessa Ribeiro,(71) 94702-1178,75,Espécie
João Moreira,(71) 91771-1179,80,PIX
Juliana Santos,(71) 97665-1180,100,PIX
Beatriz Mendes,(71) 96125-1181,15,PIX
Diego Pereira,(71) 96470-1182,0,Não contribuiu
Gustavo Costa,(71) 95231-1183,30,PIX
Juliana Nascimento,(71) 97568-1184,0,Não contribuiu
Fábio Nascimento,(71) 96518-1185,0,Não contribuiu
Patrícia Gomes,(71) 95993-1186,15,Espécie
Yasmin Souza,(71) 97817-1187,10,Espécie
Simone Almeida,(71) 96492-1188,55,PIX
Lucas Carvalho,(71) 94451-1189,35,PIX
Larissa Pereira,(71) 91134-1190,0,Não contribuiu
Juliana Silva,(71) 97993-1191,0,Não contribuiu
Larissa Silva,(71) 98741-1192,10,Espécie
Samuel Gomes,(71) 93896-1193,60,PIX
Vanessa Gomes,(71) 97075-1194,0,Não contribuiu
Elaine Mendes,(71) 99908-1195,90,Espécie
Lucas Gomes,(71) 96765-1196,95,Espécie
Lucas Oliveira,(71) 97658-1197,0,Não contribuiu
Isabela Nascimento,(71) 92696-1198,20,PIX
Yasmin Mendes,(71) 99194-1199,20,Espécie
Fábio Almeida,(71) 99038-1200,30,PIX
Gabriel Dias,(71) 93391-1201,35,Espécie
Juliana Oliveira,(71) 97101-1202,35,PIX
Gustavo Costa,(71) 92038-1203,40,PIX
João Moreira,(71) 94996-1204,0,Não contribuiu
Larissa Dias,(71) 94695-1205,75,PIX
Samuel Carvalho,(71) 97228-1206,100,PIX
Marcelo Dias,(71) 94635-1207,55,Espécie
Marcelo Mendes,(71) 96163-1208,0,Não contribuiu
Simone Pereira,(71) 91340-1209,0,Não contribuiu
Diego Moreira,(71) 97018-1210,75,Espécie
Gabriel Rocha,(71) 93736-1211,45,Espécie
Vinícius Almeida,(71) 96739-1212,40,PIX
Juliana Teixeira,(71) 97679-1213,60,Espécie
Lucas Ribeiro,(71) 97731-1214,60,PIX
William Souza,(71) 96736-1215,55,Espécie
Samuel Rocha,(71) 94722-1216,10,PIX
Lucas Ferreira,(71) 97253-1217,30,Espécie
Vinícius Moreira,(71) 95450-1218,40,Espécie
Marcelo Almeida,(71) 95807-1219,0,Não contribuiu
Helena Martins,(71) 97091-1220,80,PIX
Diego Moreira,(71) 93215-1221,75,Espécie
Camila Ribeiro,(71) 95711-1222,55,PIX
Isabela Ramos,(71) 95710-1223,30,PIX
Mariana Ferreira,(71) 99323-1224,55,Espécie
Juliana Mendes,(71) 91360-1225,0,Não contribuiu
Camila Pereira,(71) 95348-1226,100,PIX
Diego Martins,(71) 92231-1227,0,Não contribuiu
Gabriel Martins,(71) 98516-1228,0,Não contribuiu
Bruno Costa,(71) 99556-1229,30,PIX
Paulo Ribeiro,(71) 91983-1230,45,PIX
Juliana Dias,(71) 91118-1231,55,Espécie
Mateus Rocha,(71) 99806-1232,70,Espécie
Aline Santos,(71) 95234-1233,80,PIX
Helena Melo,(71) 99140-1234,15,PIX
Yasmin Souza,(71) 99883-1235,35,PIX
Yasmin Ribeiro,(71) 97385-1236,0,Não contribuiu
Fernanda Dias,(71) 94359-1237,45,PIX
Vinícius Ferreira,(71) 97995-1238,45,Espécie
Patrícia Moreira,(71) 94575-1239,0,Não contribuiu
Paulo Ramos,(71) 95380-1240,60,Espécie
Juliana Santos,(71) 92470-1241,30,Espécie
Renata Dias,(71) 95097-1242,20,Espécie
Rafael Pereira,(71) 96202-1243,0,Não contribuiu
Aline Dias,(71) 94808-1244,95,Espécie
Sofia Souza,(71) 95885-1245,35,PIX
Elaine Teixeira,(71) 94540-1246,45,Espécie
Gabriel Nascimento,(71) 94122-1247,95,PIX
Daniel Gomes,(71) 91543-1248,60,PIX
Fernanda Gomes,(71) 95891-1249,20,Espécie
Simone Oliveira,(71) 97446-1250,80,PIX
Paulo Costa,(71) 97520-1251,70,PIX
Patrícia Teixeira,(71) 99047-1252,0,Não contribuiu
Thiago Ferreira,(71) 99634-1253,50,Espécie
Mariana Pereira,(71) 92686-1254,35,PIX
Gabriel Dias,(71) 93881-1255,0,Não contribuiu
Rafael Rocha,(71) 92485-1256,95,Espécie
Carlos Lima,(71) 92432-1257,90,PIX
Paulo Carvalho,(71) 96889-1258,25,PIX
Gabriel Almeida,(71) 92302-1259,70,PIX
Vinícius Melo,(71) 93340-1260,30,PIX
Ana Almeida,(71) 93964-1261,0,Não contribuiu
Mariana Martins,(71) 96416-1262,50,PIX
Samuel Martins,(71) 91191-1263,75,Espécie
Camila Lima,(71) 95191-1264,0,Não contribuiu
Sofia Mendes,(71) 99007-1265,0,Não contribuiu
William Nascimento,(71) 98766-1266,45,Espécie
Rafael Dias,(71) 96786-1267,75,PIX
Marcelo Moreira,(71) 96078-1268,45,Espécie
Beatriz Lima,(71) 95448-1269,95,Espécie
Marcelo Gomes,(71) 93493-1270,0,Não contribuiu
Natália Almeida,(71) 98353-1271,20,PIX
Rodrigo Dias,(71) 95885-1272,0,Não contribuiu
Daniel Souza,(71) 93744-1273,0,Não contribuiu
Carlos Silva,(71) 99486-1274,90,Espécie
Simone Pereira,(71) 96791-1275,0,Não contribuiu
Thiago Oliveira,(71) 92898-1276,65,Espécie
Gustavo Carvalho,(71) 99839-1277,40,Espécie
João Mendes,(71) 93450-1278,25,Espécie
Eduardo Martins,(71) 93164-1279,25,Espécie
Eduardo Vieira,(71) 95197-1280,35,PIX
Victor Ribeiro,(71) 96812-1281,0,Não contribuiu
Mariana Costa,(71) 98586-1282,50,PIX
Bruno Ramos,(71) 92459-1283,0,Não contribuiu
Mateus Melo,(71) 97818-1284,0,Não contribuiu
Samuel Ferreira,(71) 93801-1285,35,PIX
William Ferreira,(71) 98958-1286,10,Espécie
Carlos Dias,(71) 99650-1287,55,Espécie
Daniel Vieira,(71) 91337-1288,10,PIX
Daniel Souza,(71) 99262-1289,30,PIX
Vinícius Barbosa,(71) 98602-1290,90,Espécie
Simone Silva,(71) 97920-1291,85,Espécie
Helena Souza,(71) 96486-1292,15,PIX
Fernanda Barbosa,(71) 94627-1293,65,Espécie
Rodrigo Ferreira,(71) 91059-1294,45,PIX
Samuel Carvalho,(71) 97047-1295,50,Espécie
Helena Mendes,(71) 99677-1296,0,Não contribuiu
Yasmin Mendes,(71) 95551-1297,40,PIX
João Carvalho,(71) 92880-1298,35,Espécie
Rafael Moreira,(71) 97176-1299,10,Espécie
Renata Pereira,(71) 93128-1300,0,Não contribuiu
Sofia Rocha,(71) 91263-1301,75,Espécie
Bruno Lima,(71) 97567-1302,65,Espécie
Daniel Souza,(71) 97966-1303,0,Não contribuiu
Beatriz Almeida,(71) 95246-1304,0,Não contribuiu
Natália Ribeiro,(71) 93491-1305,15,PIX
Patrícia Teixeira,(71) 96117-1306,0,Não contribuiu
Fernanda Costa,(71) 97176-1307,75,Espécie
Elaine Martins,(71) 99953-1308,0,Não contribuiu
Fábio Moreira,(71) 95204-1309,40,Espécie
João Rocha,(71) 96321-1310,35,PIX
Mariana Pereira,(71) 92953-1311,0,Não contribuiu
Eduardo Martins,(71) 92043-1312,40,PIX
Rafael Lima,(71) 99943-1313,10,PIX
Eduardo Teixeira,(71) 96047-1314,0,Não contribuiu
Natália Vieira,(71) 96217-1315,15,Espécie
Larissa Souza,(71) 95297-1316,75,PIX
Carlos Dias,(71) 91635-1317,100,PIX
Rodrigo Gomes,(71) 93101-1318,20,Espécie
Camila Teixeira,(71) 91626-1319,75,Espécie
Marcelo Mendes,(71) 96577-1320,35,PIX
Yasmin Martins,(71) 96739-1321,70,Espécie
Vanessa Barbosa,(71) 96804-1322,60,Espécie
Elaine Carvalho,(71) 99107-1323,0,Não contribuiu
Helena Nascimento,(71) 95678-1324,55,PIX
Gustavo Teixeira,(71) 92985-1325,80,PIX
Juliana Pereira,(71) 97130-1326,90,Espécie
Rodrigo Rocha,(71) 95121-1327,95,Espécie
Helena Silva,(71) 92388-1328,80,PIX
Rafael Souza,(71) 98944-1329,0,Não contribuiu
Mateus Rocha,(71) 96264-1330,85,Espécie
Vinícius Vieira,(71) 96515-1331,35,Espécie
Fábio Costa,(71) 97755-1332,0,Não contribuiu
Sofia Carvalho,(71) 92423-1333,0,Não contribuiu
Fábio Martins,(71) 94498-1334,75,PIX
João Ferreira,(71) 99638-1335,80,PIX
William Ramos,(71) 91775-1336,60,PIX
Vanessa Melo,(71) 96022-1337,45,Espécie
Simone Pereira,(71) 92490-1338,95,PIX
Camila Santos,(71) 92863-1339,0,Não contribuiu
Ana Teixeira,(71) 93017-1340,85,Espécie
Diego Teixeira,(71) 94784-1341,0,Não contribuiu
Natália Oliveira,(71) 95574-1342,0,Não contribuiu
Bruno Pereira,(71) 91950-1343,65,PIX
Diego Martins,(71) 91478-1344,70,Espécie
João Santos,(71) 99935-1345,80,PIX
Sofia Barbosa,(71) 95547-1346,70,PIX
Beatriz Oliveira,(71) 92363-1347,40,PIX
Eduardo Melo,(71) 91043-1348,25,Espécie
William Mendes,(71) 98379-1349,95,PIX
Ana Rocha,(71) 96682-1350,50,Espécie
Gabriel Martins,(71) 97056-1351,0,Não contribuiu
Gustavo Moreira,(71) 94766-1352,45,PIX
Rafael Silva,(71) 95193-1353,20,Espécie
Camila Souza,(71) 95857-1354,60,PIX
Larissa Martins,(71) 93045-1355,85,Espécie
Sofia Barbosa,(71) 99339-1356,50,PIX
Renata Santos,(71) 92884-1357,20,PIX
William Rocha,(71) 95064-1358,75,PIX
Mariana Ribeiro,(71) 94037-1359,60,Espécie
Daniel Gomes,(71) 93993-1360,70,PIX
Beatriz Martins,(71) 99407-1361,65,PIX
Rodrigo Moreira,(71) 94487-1362,40,PIX
Lucas Melo,(71) 98303-1363,75,PIX
Victor Barbosa,(71) 95775-1364,100,PIX
Eduardo Oliveira,(71) 94874-1365,100,PIX
Camila Oliveira,(71) 98482-1366,70,PIX
Patrícia Lima,(71) 96613-1367,55,PIX
Isabela Teixeira,(71) 91323-1368,50,Espécie
Daniel Mendes,(71) 94058-1369,60,PIX
Rodrigo Vieira,(71) 96987-1370,65,Espécie
Mariana Lima,(71) 99993-1371,0,Não contribuiu
Gustavo Costa,(71) 98633-1372,0,Não contribuiu
Patrícia Melo,(71) 93130-1373,0,Não contribuiu
João Vieira,(71) 93107-1374,30,PIX
Beatriz Barbosa,(71) 98159-1375,0,Não contribuiu
Diego Dias,(71) 95932-1376,60,PIX
Rafael Rocha,(71) 96072-1377,90,Espécie
Gustavo Oliveira,(71) 95363-1378,50,PIX
Elaine Souza,(71) 94755-1379,70,Espécie
Carlos Melo,(71) 96390-1380,100,PIX
Eduardo Nascimento,(71) 93258-1381,40,Espécie
Elaine Gomes,(71) 97817-1382,40,Espécie
Elaine Nascimento,(71) 91765-1383,0,Não contribuiu
Aline Mendes,(71) 93833-1384,85,Espécie
Gustavo Vieira,(71) 99872-1385,0,Não contribuiu
Thiago Souza,(71) 92545-1386,65,PIX
Juliana Ferreira,(71) 98590-1387,0,Não contribuiu
João Moreira,(71) 94836-1388,55,Espécie
Lucas Silva,(71) 91831-1389,60,Espécie
Paulo Mendes,(71) 98561-1390,60,PIX
Vinícius Mendes,(71) 97749-1391,65,Espécie
Natália Mendes,(71) 93603-1392,65,Espécie
Elaine Lima,(71) 92155-1393,75,PIX
Rodrigo Carvalho,(71) 92192-1394,95,PIX
Gabriel Mendes,(71) 93767-1395,100,Espécie
Gabriel Oliveira,(71) 91715-1396,30,Espécie
Victor Santos,(71) 96728-1397,55,Espécie
Eduardo Moreira,(71) 92745-1398,10,Espécie
Diego Dias,(71) 92670-1399,90,PIX
Isabela Costa,(71) 93682-1400,55,Espécie
João Mendes,(71) 95357-1401,0,Não contribuiu
Juliana Vieira,(71) 94552-1402,0,Não contribuiu
Fernanda Melo,(71) 95931-1403,70,Espécie
Vanessa Lima,(71) 96668-1404,0,Não contribuiu
João Vieira,(71) 96464-1405,75,PIX
Beatriz Ribeiro,(71) 97604-1406,95,Espécie
Helena Martins,(71) 91924-1407,0,Não contribuiu
Victor Lima,(71) 98556-1408,95,Espécie
Daniel Dias,(71) 92361-1409,100,PIX
Thiago Pereira,(71) 98226-1410,0,Não contribuiu
Thiago Teixeira,(71) 97332-1411,55,Espécie
Helena Pereira,(71) 98440-1412,85,Espécie
Fernanda Vieira,(71) 95613-1413,85,PIX
Fernanda Ferreira,(71) 93293-1414,0,Não contribuiu
Helena Souza,(71) 96620-1415,35,Espécie
Marcelo Souza,(71) 98239-1416,100,PIX
Paulo Silva,(71) 94207-1417,10,Espécie
Diego Gomes,(71) 93235-1418,0,Não contribuiu
Paulo Dias,(71) 99467-1419,85,PIX
Bruno Moreira,(71) 97030-1420,0,Não contribuiu
William Martins,(71) 91264-1421,100,PIX
Eduardo Ferreira,(71) 94929-1422,85,PIX
Simone Vieira,(71) 97879-1423,100,PIX
Vinícius Gomes,(71) 99167-1424,50,PIX
Ana Costa,(71) 94899-1425,80,Espécie
Diego Souza,(71) 92488-1426,65,Espécie
Patrícia Ribeiro,(71) 95204-1427,55,PIX
Yasmin Nascimento,(71) 92163-1428,55,PIX
Yasmin Ribeiro,(71) 99931-1429,50,Espécie
Samuel Mendes,(71) 94191-1430,0,Não contribuiu
Beatriz Oliveira,(71) 97791-1431,70,Espécie
Fernanda Lima,(71) 99352-1432,0,Não contribuiu
Patrícia Martins,(71) 95128-1433,10,Espécie
Lucas Martins,(71) 99743-1434,70,Espécie
Juliana Costa,(71) 99008-1435,0,Não contribuiu
Daniel Santos,(71) 96775-1436,100,Espécie
Rafael Ferreira,(71) 91198-1437,45,Espécie
Rodrigo Almeida,(71) 93967-1438,40,Espécie
Vanessa Ramos,(71) 99539-1439,35,PIX
Isabela Souza,(71) 98858-1440,0,Não contribuiu
Yasmin Gomes,(71) 96656-1441,25,PIX
Samuel Dias,(71) 93825-1442,35,Espécie
Fernanda Barbosa,(71) 99824-1443,100,PIX
Vanessa Almeida,(71) 98562-1444,0,Não contribuiu
Diego Martins,(71) 92052-1445,60,PIX
Juliana Santos,(71) 96444-1446,45,Espécie
Camila Rocha,(71) 96914-1447,50,Espécie
Juliana Moreira,(71) 97497-1448,20,PIX
Rafael Oliveira,(71) 99374-1449,0,Não contribuiu
Patrícia Lima,(71) 94628-1450,30,Espécie
João Lima,(71) 93313-1451,40,PIX
Victor Barbosa,(71) 99282-1452,0,Não contribuiu
Gabriel Teixeira,(71) 97129-1453,95,Espécie
Thiago Almeida,(71) 95036-1454,0,Não contribuiu
Elaine Nascimento,(71) 97431-1455,85,Espécie
Samuel Ramos,(71) 97332-1456,60,PIX
Rodrigo Teixeira,(71) 95280-1457,0,Não contribuiu
Victor Pereira,(71) 98479-1458,0,Não contribuiu
Fábio Oliveira,(71) 92339-1459,90,Espécie
Diego Dias,(71) 96190-1460,0,Não contribuiu
Marcelo Vieira,(71) 95874-1461,0,Não contribuiu
Bruno Ribeiro,(71) 94057-1462,0,Não contribuiu
Juliana Silva,(71) 92392-1463,50,PIX
Aline Almeida,(71) 95250-1464,90,Espécie
Rodrigo Nascimento,(71) 96436-1465,15,Espécie
Marcelo Ramos,(71) 96564-1466,90,Espécie
Beatriz Gomes,(71) 91335-1467,20,PIX
Natália Martins,(71) 92486-1468,0,Não contribuiu
Camila Pereira,(71) 99292-1469,25,Espécie
Gustavo Costa,(71) 92821-1470,20,PIX
Isabela Santos,(71) 91212-1471,75,PIX
Daniel Mendes,(71) 97540-1472,50,PIX
Rafael Melo,(71) 92826-1473,30,PIX
Victor Ribeiro,(71) 98103-1474,0,Não contribuiu
Paulo Almeida,(71) 95065-1475,60,Espécie
Eduardo Vieira,(71) 93020-1476,65,PIX
Mariana Santos,(71) 93631-1477,55,Espécie
Simone Teixeira,(71) 96271-1478,0,Não contribuiu
João Ferreira,(71) 94418-1479,75,PIX
Victor Mendes,(71) 99663-1480,0,Não contribuiu
Aline Ferreira,(71) 94436-1481,100,Espécie
Larissa Costa,(71) 96346-1482,65,PIX
Eduardo Almeida,(71) 93297-1483,40,PIX
Bruno Carvalho,(71) 94183-1484,70,Espécie
Eduardo Almeida,(71) 96622-1485,0,Não contribuiu
João Carvalho,(71) 94703-1486,0,Não contribuiu
Fábio Carvalho,(71) 95865-1487,95,PIX
Vinícius Souza,(71) 91837-1488,65,PIX
João Gomes,(71) 91157-1489,95,PIX
Eduardo Ribeiro,(71) 96625-1490,40,PIX
Juliana Lima,(71) 97012-1491,75,Espécie
Aline Almeida,(71) 92693-1492,80,Espécie
Simone Nascimento,(71) 99572-1493,20,PIX
Thiago Santos,(71) 91419-1494,0,Não contribuiu
Elaine Lima,(71) 94621-1495,75,PIX
Helena Rocha,(71) 91426-1496,0,Não contribuiu
Victor Pereira,(71) 94328-1497,30,Espécie
Ana Souza,(71) 96665-1498,20,PIX
Gabriel Vieira,(71) 99416-1499,0,Não contribuiu
Marcelo Melo,(71) 98525-1500,80,Espécie
Thiago Rocha,(71) 91035-1501,25,Espécie
Victor Lima,(71) 98987-1502,60,PIX
Thiago Dias,(71) 94065-1503,85,Espécie
Aline Rocha,(71) 94422-1504,45,Espécie
Aline Ferreira,(71) 94695-1505,60,PIX
Aline Ferreira,(71) 94195-1506,0,Não contribuiu
Victor Barbosa,(71) 95985-1507,45,Espécie
Samuel Dias,(71) 98276-1508,15,Espécie
Patrícia Martins,(71) 91571-1509,0,Não contribuiu
Vanessa Oliveira,(71) 91041-1510,0,Não contribuiu
Mariana Costa,(71) 97811-1511,90,Espécie
Diego Costa,(71) 99473-1512,0,Não contribuiu
Patrícia Santos,(71) 95918-1513,0,Não contribuiu
Aline Ribeiro,(71) 98268-1514,0,Não contribuiu
Lucas Costa,(71) 99564-1515,90,Espécie
Lucas Ribeiro,(71) 94572-1516,10,Espécie
Helena Carvalho,(71) 97882-1517,35,PIX
Bruno Oliveira,(71) 96571-1518,20,PIX
Marcelo Ribeiro,(71) 94442-1519,60,PIX
Rafael Souza,(71) 91959-1520,70,PIX
Victor Almeida,(71) 95494-1521,30,Espécie
Simone Mendes,(71) 99972-1522,30,PIX
Marcelo Barbosa,(71) 93515-1523,65,PIX
Bruno Martins,(71) 99436-1524,95,Espécie
João Rocha,(71) 92907-1525,0,Não contribuiu
Vanessa Barbosa,(71) 91308-1526,10,PIX
Renata Almeida,(71) 95451-1527,50,Espécie
Elaine Moreira,(71) 94121-1528,60,PIX
Eduardo Rocha,(71) 97726-1529,85,Espécie
Fábio Nascimento,(71) 98899-1530,60,Espécie
Yasmin Pereira,(71) 97044-1531,0,Não contribuiu
Juliana Martins,(71) 95121-1532,0,Não contribuiu
Rodrigo Teixeira,(71) 92700-1533,0,Não contribuiu
Juliana Ferreira,(71) 92442-1534,30,PIX
Juliana Mendes,(71) 92430-1535,10,PIX
Isabela Almeida,(71) 91969-1536,0,Não contribuiu
Simone Ramos,(71) 95182-1537,0,Não contribuiu
Larissa Nascimento,(71) 98379-1538,10,PIX
William Melo,(71) 93305-1539,40,Espécie
Yasmin Oliveira,(71) 97412-1540,70,Espécie
Ana Teixeira,(71) 94991-1541,20,Espécie
Mateus Silva,(71) 93711-1542,10,Espécie
Vinícius Ferreira,(71) 93317-1543,80,Espécie
Isabela Nascimento,(71) 91720-1544,55,PIX
Lucas Teixeira,(71) 91440-1545,45,PIX
Aline Ferreira,(71) 92191-1546,0,Não contribuiu
Renata Ramos,(71) 93547-1547,40,Espécie
Elaine Silva,(71) 91158-1548,30,PIX
Victor Barbosa,(71) 99900-1549,30,PIX
Marcelo Lima,(71) 99193-1550,70,Espécie
Camila Costa,(71) 97541-1551,85,Espécie
João Rocha,(71) 91770-1552,40,Espécie
Gabriel Nascimento,(71) 96310-1553,80,PIX
Thiago Martins,(71) 95224-1554,100,PIX
Renata Mendes,(71) 92694-1555,30,PIX
Bruno Martins,(71) 99855-1556,15,Espécie
Lucas Gomes,(71) 96048-1557,50,Espécie
Sofia Nascimento,(71) 91968-1558,10,PIX
Simone Barbosa,(71) 93574-1559,10,Espécie
Lucas Moreira,(71) 98322-1560,70,Espécie
Ana Carvalho,(71) 95598-1561,0,Não contribuiu
Mariana Ferreira,(71) 94388-1562,10,PIX
Rafael Lima,(71) 97295-1563,45,PIX
Fernanda Souza,(71) 97945-1564,100,PIX
Gabriel Rocha,(71) 95986-1565,0,Não contribuiu
Simone Mendes,(71) 92963-1566,0,Não contribuiu
João Costa,(71) 94951-1567,25,Espécie
Mateus Carvalho,(71) 98622-1568,100,PIX
Gabriel Dias,(71) 92834-1569,60,Espécie
Sofia Carvalho,(71) 96977-1570,95,PIX
Sofia Costa,(71) 93186-1571,0,Não contribuiu
William Oliveira,(71) 95761-1572,25,Espécie
João Silva,(71) 99154-1573,40,Espécie
Daniel Teixeira,(71) 96147-1574,65,Espécie
Patrícia Mendes,(71) 91787-1575,80,PIX
Isabela Melo,(71) 91298-1576,20,Espécie
Carlos Pereira,(71) 94437-1577,55,PIX
Sofia Ramos,(71) 99230-1578,0,Não contribuiu
Sofia Souza,(71) 96701-1579,60,Espécie
Fábio Barbosa,(71) 98362-1580,0,Não contribuiu
João Santos,(71) 92602-1581,25,PIX
Sofia Santos,(71) 92883-1582,30,Espécie
João Moreira,(71) 93939-1583,0,Não contribuiu
Gustavo Ramos,(71) 97711-1584,70,PIX
William Ferreira,(71) 99571-1585,0,Não contribuiu
Diego Lima,(71) 92043-1586,50,Espécie
Aline Lima,(71) 93796-1587,65,Espécie
João Ribeiro,(71) 91917-1588,0,Não contribuiu
Patrícia Melo,(71) 91337-1589,0,Não contribuiu
Gabriel Lima,(71) 92930-1590,0,Não contribuiu
Larissa Melo,(71) 97862-1591,60,Espécie
Lucas Nascimento,(71) 96374-1592,25,PIX
Marcelo Ramos,(71) 94851-1593,35,PIX
Aline Moreira,(71) 97601-1594,100,Espécie
Thiago Melo,(71) 99108-1595,90,Espécie
Beatriz Ferreira,(71) 98257-1596,0,Não contribuiu
Paulo Carvalho,(71) 91159-1597,20,PIX
Ana Oliveira,(71) 92734-1598,35,Espécie
Samuel Gomes,(71) 94749-1599,70,Espécie
Marcelo Souza,(71) 94067-1600,55,Espécie
Carlos Silva,(71) 96064-1601,60,PIX
Natália Costa,(71) 99203-1602,10,PIX
Isabela Lima,(71) 97465-1603,45,Espécie
Gabriel Costa,(71) 93774-1604,55,PIX
Samuel Dias,(71) 96186-1605,0,Não contribuiu
Beatriz Santos,(71) 92666-1606,45,PIX
Carlos Oliveira,(71) 97281-1607,85,Espécie
Mariana Ramos,(71) 94491-1608,80,Espécie
João Nascimento,(71) 91715-1609,0,Não contribuiu
Samuel Ramos,(71) 91942-1610,0,Não contribuiu
Marcelo Carvalho,(71) 92529-1611,0,Não contribuiu
Mariana Ferreira,(71) 98031-1612,80,Espécie
Sofia Souza,(71) 96013-1613,50,PIX
Fernanda Dias,(71) 97767-1614,0,Não contribuiu
Simone Melo,(71) 91658-1615,45,PIX
Rafael Ferreira,(71) 97265-1616,0,Não contribuiu
Camila Dias,(71) 97035-1617,55,PIX
Daniel Nascimento,(71) 91659-1618,90,Espécie
Fábio Costa,(71) 96088-1619,55,PIX
Sofia Souza,(71) 93713-1620,0,Não contribuiu
Ana Teixeira,(71) 99962-1621,0,Não contribuiu
Vanessa Melo,(71) 98492-1622,45,PIX
Marcelo Carvalho,(71) 93137-1623,0,Não contribuiu
Fernanda Teixeira,(71) 99266-1624,75,Espécie
Thiago Ribeiro,(71) 92140-1625,70,PIX
Camila Rocha,(71) 97354-1626,40,Espécie
Samuel Ribeiro,(71) 95655-1627,10,Espécie
João Ferreira,(71) 99682-1628,35,Espécie
Diego Oliveira,(71) 96117-1629,0,Não contribuiu
Larissa Ribeiro,(71) 92551-1630,20,Espécie
Sofia Lima,(71) 93875-1631,95,Espécie
Rafael Santos,(71) 91565-1632,0,Não contribuiu
Simone Lima,(71) 97349-1633,0,Não contribuiu
Natália Carvalho,(71) 94345-1634,15,Espécie
Simone Mendes,(71) 97821-1635,0,Não contribuiu
Fábio Almeida,(71) 99546-1636,40,PIX
Fábio Mendes,(71) 99728-1637,50,PIX
Gustavo Carvalho,(71) 96399-1638,15,PIX
Ana Dias,(71) 94010-1639,60,PIX
Patrícia Ramos,(71) 91139-1640,50,Espécie
Paulo Carvalho,(71) 95825-1641,50,Espécie
Ana Silva,(71) 96844-1642,100,PIX
Vanessa Ramos,(71) 98340-1643,65,PIX
Natália Ramos,(71) 98399-1644,85,Espécie
Vinícius Moreira,(71) 97125-1645,0,Não contribuiu
Victor Ferreira,(71) 92013-1646,65,PIX
Larissa Almeida,(71) 93375-1647,70,PIX
Beatriz Martins,(71) 98255-1648,100,PIX
Renata Melo,(71) 96570-1649,25,PIX
Larissa Costa,(71) 94525-1650,35,Espécie
Vinícius Costa,(71) 94505-1651,20,PIX
Mariana Rocha,(71) 99880-1652,90,Espécie
Juliana Barbosa,(71) 95460-1653,60,PIX
Elaine Melo,(71) 98020-1654,60,Espécie
William Silva,(71) 98335-1655,10,Espécie
Marcelo Mendes,(71) 98983-1656,20,Espécie
Beatriz Lima,(71) 99654-1657,35,Espécie
Bruno Pereira,(71) 99378-1658,0,Não contribuiu
Marcelo Vieira,(71) 99044-1659,0,Não contribuiu
Natália Costa,(71) 93823-1660,75,Espécie
Fábio Mendes,(71) 94020-1661,0,Não contribuiu
Sofia Ferreira,(71) 99807-1662,0,Não contribuiu
Rafael Teixeira,(71) 91258-1663,65,Espécie
Marcelo Dias,(71) 96278-1664,20,Espécie
Vinícius Ramos,(71) 91286-1665,100,PIX
Mateus Pereira,(71) 96685-1666,65,PIX
Camila Teixeira,(71) 93556-1667,100,Espécie
Simone Ferreira,(71) 99281-1668,55,Espécie
Sofia Barbosa,(71) 91858-1669,0,Não contribuiu
Fábio Mendes,(71) 91679-1670,100,Espécie
Renata Teixeira,(71) 94629-1671,0,Não contribuiu
Vanessa Oliveira,(71) 99349-1672,30,Espécie
Bruno Carvalho,(71) 92078-1673,40,PIX
Rodrigo Teixeira,(71) 97757-1674,60,PIX
Fábio Santos,(71) 93537-1675,0,Não contribuiu
Samuel Mendes,(71) 96715-1676,30,PIX
William Ramos,(71) 99827-1677,20,PIX
Vanessa Mendes,(71) 92756-1678,95,PIX
Daniel Lima,(71) 99328-1679,0,Não contribuiu
Ana Ribeiro,(71) 91799-1680,50,Espécie
Larissa Dias,(71) 98622-1681,15,PIX
João Ramos,(71) 92398-1682,100,Espécie
Bruno Souza,(71) 94113-1683,85,Espécie
Lucas Almeida,(71) 99932-1684,100,Espécie
Natália Dias,(71) 94410-1685,90,PIX
William Oliveira,(71) 96562-1686,50,Espécie
Fernanda Rocha,(71) 92609-1687,70,Espécie
Natália Almeida,(71) 97934-1688,0,Não contribuiu
João Carvalho,(71) 95677-1689,0,Não contribuiu
Carlos Souza,(71) 96079-1690,15,PIX
Aline Almeida,(71) 94038-1691,75,PIX
Victor Rocha,(71) 98707-1692,55,Espécie
Rodrigo Dias,(71) 98096-1693,60,Espécie
Rodrigo Gomes,(71) 92447-1694,45,Espécie
Simone Teixeira,(71) 92432-1695,80,PIX
Patrícia Almeida,(71) 92396-1696,25,Espécie
Rafael Rocha,(71) 99064-1697,35,Espécie
Samuel Pereira,(71) 92425-1698,45,PIX
Diego Melo,(71) 91797-1699,15,Espécie
Renata Rocha,(71) 98303-1700,0,Não contribuiu
Mariana Vieira,(71) 91346-1701,35,PIX
Samuel Santos,(71) 91909-1702,85,Espécie
Daniel Silva,(71) 96393-1703,60,PIX
Ana Mendes,(71) 99754-1704,60,PIX
Simone Oliveira,(71) 94602-1705,25,Espécie
Samuel Pereira,(71) 93471-1706,40,Espécie
Sofia Nascimento,(71) 96159-1707,70,Espécie
Diego Rocha,(71) 94908-1708,10,Espécie
Patrícia Barbosa,(71) 99093-1709,60,Espécie
Fábio Gomes,(71) 98043-1710,25,Espécie
Larissa Moreira,(71) 91476-1711,25,PIX
Samuel Nascimento,(71) 95408-1712,80,Espécie
Rodrigo Nascimento,(71) 91160-1713,55,Espécie
Sofia Ferreira,(71) 97892-1714,40,Espécie
Gabriel Moreira,(71) 95519-1715,0,Não contribuiu
Patrícia Almeida,(71) 95761-1716,0,Não contribuiu
Paulo Santos,(71) 97585-1717,0,Não contribuiu
Juliana Ribeiro,(71) 95198-1718,30,PIX
Natália Silva,(71) 95797-1719,0,Não contribuiu
Victor Teixeira,(71) 92306-1720,75,Espécie
Victor Ribeiro,(71) 91301-1721,65,PIX
Lucas Ramos,(71) 92952-1722,45,PIX
Juliana Ribeiro,(71) 98172-1723,95,Espécie
João Silva,(71) 94048-1724,65,PIX
Mariana Silva,(71) 97143-1725,10,Espécie
Juliana Silva,(71) 96346-1726,55,Espécie
Thiago Carvalho,(71) 91964-1727,0,Não contribuiu
Mateus Ribeiro,(71) 99639-1728,0,Não contribuiu
Mariana Mendes,(71) 95631-1729,25,PIX
Renata Santos,(71) 98368-1730,35,PIX
Sofia Almeida,(71) 92809-1731,0,Não contribuiu
Carlos Vieira,(71) 99644-1732,0,Não contribuiu
Yasmin Vieira,(71) 95644-1733,0,Não contribuiu
Ana Martins,(71) 98543-1734,95,PIX
William Nascimento,(71) 93109-1735,45,PIX
Marcelo Carvalho,(71) 91224-1736,30,PIX
Mariana Mendes,(71) 92480-1737,25,Espécie
Isabela Oliveira,(71) 98647-1738,0,Não contribuiu
Isabela Nascimento,(71) 96017-1739,75,PIX
Paulo Dias,(71) 96588-1740,95,Espécie
Natália Ribeiro,(71) 94252-1741,60,PIX
Rodrigo Moreira,(71) 98405-1742,0,Não contribuiu
Camila Santos,(71) 98472-1743,50,Espécie
Yasmin Silva,(71) 94128-1744,45,PIX
William Oliveira,(71) 93821-1745,25,Espécie
Natália Melo,(71) 98100-1746,0,Não contribuiu
Fernanda Lima,(71) 99371-1747,0,Não contribuiu
Daniel Martins,(71) 93217-1748,55,PIX
Elaine Costa,(71) 92047-1749,0,Não contribuiu
Diego Almeida,(71) 95175-1750,0,Não contribuiu
Isabela Martins,(71) 95990-1751,65,Espécie
Carlos Ribeiro,(71) 98237-1752,100,PIX
Eduardo Costa,(71) 92385-1753,0,Não contribuiu
João Moreira,(71) 92858-1754,50,Espécie
Ana Ribeiro,(71) 92690-1755,50,PIX
Larissa Melo,(71) 98707-1756,70,PIX
Gabriel Vieira,(71) 95253-1757,90,PIX
Isabela Barbosa,(71) 96917-1758,25,Espécie
Paulo Gomes,(71) 97840-1759,70,Espécie
Marcelo Lima,(71) 97943-1760,20,PIX
Carlos Rocha,(71) 97952-1761,90,PIX
Bruno Ribeiro,(71) 95659-1762,0,Não contribuiu
Simone Almeida,(71) 96748-1763,65,PIX
João Rocha,(71) 95022-1764,85,Espécie
Juliana Pereira,(71) 96503-1765,50,Espécie
Thiago Oliveira,(71) 94510-1766,70,Espécie
Daniel Gomes,(71) 97133-1767,65,Espécie
Daniel Martins,(71) 95828-1768,20,PIX
Aline Ramos,(71) 98646-1769,0,Não contribuiu
Marcelo Rocha,(71) 94371-1770,55,PIX
Natália Ferreira,(71) 94207-1771,20,PIX
Beatriz Teixeira,(71) 96778-1772,95,Espécie
Diego Almeida,(71) 96828-1773,100,Espécie
Diego Barbosa,(71) 93775-1774,0,Não contribuiu
Mariana Gomes,(71) 96398-1775,0,Não contribuiu
Renata Moreira,(71) 98246-1776,30,PIX
Fernanda Costa,(71) 99939-1777,90,Espécie
Isabela Souza,(71) 94852-1778,70,Espécie
Larissa Ferreira,(71) 94928-1779,0,Não contribuiu
Diego Oliveira,(71) 97455-1780,0,Não contribuiu
Rodrigo Ferreira,(71) 99404-1781,50,Espécie
Fernanda Pereira,(71) 99086-1782,100,Espécie
Lucas Pereira,(71) 96349-1783,0,Não contribuiu
Gustavo Oliveira,(71) 94739-1784,0,Não contribuiu
Vanessa Vieira,(71) 95061-1785,20,Espécie
Lucas Rocha,(71) 95524-1786,35,Espécie
Gabriel Mendes,(71) 93909-1787,60,PIX
Patrícia Oliveira,(71) 91644-1788,65,PIX
Ana Pereira,(71) 95840-1789,100,PIX
Lucas Vieira,(71) 94195-1790,65,PIX
Yasmin Lima,(71) 92459-1791,15,PIX
Diego Gomes,(71) 97510-1792,10,PIX
Vinícius Nascimento,(71) 97586-1793,65,PIX
Marcelo Oliveira,(71) 96660-1794,0,Não contribuiu
Lucas Almeida,(71) 97207-1795,50,Espécie
Diego Vieira,(71) 93374-1796,40,Espécie
Vanessa Lima,(71) 94694-1797,20,PIX
Ana Lima,(71) 93805-1798,50,Espécie
Juliana Oliveira,(71) 95891-1799,35,PIX
Lucas Dias,(71) 97501-1800,50,PIX
João Teixeira,(71) 96638-1801,70,PIX
Thiago Costa,(71) 92617-1802,0,Não contribuiu
Fernanda Oliveira,(71) 98691-1803,35,Espécie
Thiago Teixeira,(71) 94659-1804,45,PIX
Fábio Costa,(71) 94771-1805,20,PIX
Vinícius Ferreira,(71) 95760-1806,65,PIX
Rafael Ferreira,(71) 93962-1807,10,Espécie
João Oliveira,(71) 97307-1808,50,Espécie
Elaine Costa,(71) 99485-1809,100,PIX
Rafael Oliveira,(71) 99199-1810,75,PIX
Thiago Moreira,(71) 95321-1811,70,Espécie
Rodrigo Carvalho,(71) 94278-1812,35,Espécie
Paulo Pereira,(71) 93979-1813,90,PIX
Daniel Carvalho,(71) 91614-1814,25,PIX
Fernanda Martins,(71) 94318-1815,0,Não contribuiu
Daniel Santos,(71) 95721-1816,80,PIX
Carlos Dias,(71) 94516-1817,0,Não contribuiu
Lucas Costa,(71) 94432-1818,90,PIX
Daniel Barbosa,(71) 98944-1819,55,Espécie
Fábio Ribeiro,(71) 95808-1820,90,PIX
Rodrigo Costa,(71) 91682-1821,60,Espécie
Fernanda Lima,(71) 91333-1822,15,PIX
Larissa Dias,(71) 92691-1823,100,PIX
Gustavo Teixeira,(71) 93310-1824,45,PIX
Fernanda Silva,(71) 94528-1825,0,Não contribuiu
Juliana Carvalho,(71) 95898-1826,100,Espécie
Carlos Ferreira,(71) 97874-1827,95,PIX
Mateus Ramos,(71) 99744-1828,70,PIX
Mariana Nascimento,(71) 98133-1829,0,Não contribuiu
Juliana Lima,(71) 98753-1830,45,PIX
Victor Melo,(71) 93606-1831,70,PIX
Juliana Martins,(71) 92555-1832,0,Não contribuiu
Helena Silva,(71) 91604-1833,15,PIX
Thiago Nascimento,(71) 98975-1834,10,PIX
Vanessa Nascimento,(71) 99656-1835,15,Espécie
Paulo Oliveira,(71) 97840-1836,75,Espécie
Beatriz Ferreira,(71) 93854-1837,60,Espécie
Daniel Mendes,(71) 97047-1838,45,PIX
Marcelo Teixeira,(71) 92435-1839,20,Espécie
Elaine Mendes,(71) 96293-1840,65,Espécie
João Vieira,(71) 93820-1841,70,PIX
Lucas Ribeiro,(71) 91318-1842,30,PIX
Camila Dias,(71) 94725-1843,0,Não contribuiu
Mariana Ramos,(71) 91536-1844,95,PIX
Diego Ribeiro,(71) 93047-1845,95,PIX
Renata Ribeiro,(71) 96489-1846,70,Espécie
Thiago Carvalho,(71) 95261-1847,10,PIX
Renata Carvalho,(71) 96445-1848,0,Não contribuiu
Lucas Souza,(71) 91667-1849,0,Não contribuiu
Juliana Santos,(71) 96293-1850,15,PIX
Rafael Teixeira,(71) 97692-1851,40,PIX
Camila Carvalho,(71) 99370-1852,85,PIX
Yasmin Barbosa,(71) 99728-1853,20,PIX
Mateus Mendes,(71) 93543-1854,85,PIX
Eduardo Ramos,(71) 96265-1855,0,Não contribuiu
Helena Vieira,(71) 93689-1856,80,Espécie
Patrícia Mendes,(71) 96123-1857,15,PIX
Renata Lima,(71) 93296-1858,50,PIX
Diego Ferreira,(71) 94963-1859,35,Espécie
Vanessa Gomes,(71) 96212-1860,55,PIX
Victor Santos,(71) 99543-1861,100,Espécie
Beatriz Dias,(71) 97037-1862,15,PIX
Rafael Rocha,(71) 92174-1863,0,Não contribuiu
João Nascimento,(71) 94509-1864,0,Não contribuiu
William Teixeira,(71) 95586-1865,35,Espécie
Carlos Martins,(71) 95471-1866,100,PIX
Marcelo Melo,(71) 97696-1867,20,PIX
Rafael Silva,(71) 91928-1868,50,PIX
Diego Oliveira,(71) 99265-1869,100,PIX
Rafael Nascimento,(71) 96969-1870,35,Espécie
William Oliveira,(71) 99684-1871,0,Não contribuiu
Larissa Santos,(71) 96492-1872,40,PIX
Paulo Carvalho,(71) 93087-1873,75,Espécie
Rafael Gomes,(71) 98271-1874,0,Não contribuiu
Victor Martins,(71) 97854-1875,75,Espécie
Mariana Vieira,(71) 94924-1876,75,Espécie
Vanessa Teixeira,(71) 96768-1877,75,Espécie
Thiago Pereira,(71) 94742-1878,0,Não contribuiu
Vinícius Melo,(71) 95920-1879,0,Não contribuiu
Patrícia Dias,(71) 91593-1880,0,Não contribuiu
Beatriz Lima,(71) 98364-1881,70,PIX
Simone Teixeira,(71) 92601-1882,90,Espécie
Vinícius Lima,(71) 95684-1883,85,PIX
Mateus Santos,(71) 97961-1884,100,PIX
Mariana Costa,(71) 94161-1885,70,PIX
Diego Rocha,(71) 97761-1886,100,PIX
Helena Dias,(71) 92170-1887,0,Não contribuiu
Daniel Lima,(71) 95502-1888,0,Não contribuiu
Mateus Vieira,(71) 92061-1889,100,Espécie
Camila Gomes,(71) 96428-1890,0,Não contribuiu
Sofia Ramos,(71) 95544-1891,35,Espécie
Aline Mendes,(71) 92239-1892,85,PIX
Rodrigo Moreira,(71) 94991-1893,95,PIX
Marcelo Almeida,(71) 95548-1894,50,Espécie
Yasmin Gomes,(71) 97360-1895,45,Espécie
Paulo Ramos,(71) 97199-1896,40,Espécie
Mateus Costa,(71) 98274-1897,35,Espécie
Vinícius Martins,(71) 92375-1898,30,Espécie
Paulo Vieira,(71) 92689-1899,100,PIX
Fábio Barbosa,(71) 93087-1900,95,Espécie
Natália Martins,(71) 99327-1901,15,PIX
Patrícia Ramos,(71) 92882-1902,35,PIX
Larissa Martins,(71) 92055-1903,65,Espécie
Bruno Vieira,(71) 93408-1904,80,Espécie
Thiago Teixeira,(71) 96131-1905,20,PIX
Juliana Oliveira,(71) 94596-1906,0,Não contribuiu
Isabela Almeida,(71) 99363-1907,0,Não contribuiu
Gabriel Barbosa,(71) 95820-1908,100,PIX
Mariana Ribeiro,(71) 97202-1909,50,Espécie
Samuel Dias,(71) 91097-1910,30,Espécie
Helena Carvalho,(71) 93877-1911,80,Espécie
Sofia Martins,(71) 97585-1912,0,Não contribuiu
Gabriel Gomes,(71) 91529-1913,100,PIX
Camila Moreira,(71) 97937-1914,0,Não contribuiu
Beatriz Almeida,(71) 94541-1915,55,Espécie
William Mendes,(71) 99540-1916,100,Espécie
Elaine Almeida,(71) 92193-1917,90,Espécie
William Martins,(71) 92591-1918,40,PIX
Natália Mendes,(71) 92783-1919,70,PIX
Fábio Santos,(71) 99250-1920,55,Espécie
Natália Vieira,(71) 91096-1921,20,PIX
Daniel Dias,(71) 96967-1922,0,Não contribuiu
Rodrigo Ferreira,(71) 95276-1923,45,Espécie
Thiago Costa,(71) 93897-1924,0,Não contribuiu
Larissa Ferreira,(71) 97263-1925,50,Espécie
Rodrigo Melo,(71) 95058-1926,65,Espécie
Gustavo Rocha,(71) 93600-1927,15,Espécie
João Nascimento,(71) 97740-1928,45,Espécie
Rodrigo Costa,(71) 96156-1929,25,Espécie
Marcelo Gomes,(71) 92802-1930,0,Não contribuiu
Simone Costa,(71) 98092-1931,95,Espécie
Rodrigo Ferreira,(71) 97586-1932,35,Espécie
Natália Rocha,(71) 97454-1933,65,PIX
Simone Pereira,(71) 94236-1934,95,Espécie
Mateus Dias,(71) 99623-1935,0,Não contribuiu
Helena Vieira,(71) 99192-1936,45,PIX
Mateus Moreira,(71) 98978-1937,70,PIX
Paulo Martins,(71) 97026-1938,65,Espécie
Larissa Carvalho,(71) 93643-1939,65,Espécie
Rafael Oliveira,(71) 99110-1940,70,PIX
Ana Martins,(71) 92941-1941,20,Espécie
Isabela Ribeiro,(71) 96608-1942,25,Espécie
Daniel Oliveira,(71) 94127-1943,0,Não contribuiu
Mariana Pereira,(71) 94252-1944,85,PIX
Fábio Almeida,(71) 95903-1945,0,Não contribuiu
Simone Vieira,(71) 96351-1946,0,Não contribuiu
Camila Martins,(71) 91066-1947,35,Espécie
Rafael Ferreira,(71) 95985-1948,25,Espécie
Vinícius Ribeiro,(71) 96568-1949,50,PIX
Bruno Melo,(71) 94284-1950,0,Não contribuiu
Rodrigo Santos,(71) 92224-1951,0,Não contribuiu
Mateus Costa,(71) 92721-1952,25,Espécie
Marcelo Santos,(71) 96653-1953,0,Não contribuiu
Sofia Silva,(71) 94942-1954,0,Não contribuiu
Beatriz Santos,(71) 95542-1955,20,PIX
Carlos Santos,(71) 92330-1956,25,PIX
Lucas Oliveira,(71) 94532-1957,20,Espécie
Vinícius Oliveira,(71) 96248-1958,0,Não contribuiu
Sofia Santos,(71) 99138-1959,90,PIX
Fernanda Oliveira,(71) 95127-1960,0,Não contribuiu
Helena Santos,(71) 93659-1961,25,Espécie
Paulo Santos,(71) 92200-1962,0,Não contribuiu
Elaine Ramos,(71) 98965-1963,35,PIX
Gabriel Rocha,(71) 93384-1964,45,PIX
Vinícius Ramos,(71) 96900-1965,20,PIX
Beatriz Carvalho,(71) 95964-1966,75,Espécie
Vanessa Vieira,(71) 91255-1967,85,Espécie
Yasmin Martins,(71) 93794-1968,20,Espécie
Patrícia Carvalho,(71) 97262-1969,0,Não contribuiu
Daniel Teixeira,(71) 91434-1970,15,Espécie
Thiago Gomes,(71) 94229-1971,85,Espécie
Lucas Rocha,(71) 91863-1972,15,PIX
Elaine Gomes,(71) 99329-1973,100,PIX
Isabela Dias,(71) 99069-1974,95,PIX
Vinícius Silva,(71) 94544-1975,0,Não contribuiu
Simone Nascimento,(71) 91236-1976,70,PIX
Carlos Melo,(71) 99615-1977,0,Não contribuiu
Victor Moreira,(71) 95929-1978,60,PIX
Bruno Moreira,(71) 95978-1979,55,Espécie
Samuel Vieira,(71) 91238-1980,60,Espécie
Larissa Vieira,(71) 92786-1981,75,Espécie
Isabela Ferreira,(71) 96890-1982,30,Espécie
Thiago Silva,(71) 94378-1983,80,PIX
Aline Vieira,(71) 97402-1984,0,Não contribuiu
Ana Carvalho,(71) 93385-1985,100,Espécie
Diego Teixeira,(71) 98244-1986,95,PIX
Elaine Pereira,(71) 99016-1987,60,Espécie
Vinícius Rocha,(71) 99081-1988,75,Espécie
Diego Barbosa,(71) 97442-1989,0,Não contribuiu
Vinícius Ribeiro,(71) 99145-1990,0,Não contribuiu
Mateus Silva,(71) 96302-1991,30,Espécie
William Martins,(71) 94020-1992,20,Espécie
Mateus Mendes,(71) 98530-1993,45,Espécie
Natália Carvalho,(71) 96110-1994,80,PIX
Victor Ferreira,(71) 92675-1995,0,Não contribuiu
Aline Melo,(71) 98439-1996,45,Espécie
Gustavo Moreira,(71) 96623-1997,95,Espécie
Gabriel Rocha,(71) 95614-1998,100,PIX
Camila Oliveira,(71) 96427-1999,0,Não contribuiu
Gabriel Silva,(71) 91661-2000,45,PIX
Mateus Ramos,(71) 99381-2001,55,PIX
Bruno Oliveira,(71) 99365-2002,65,Espécie
Victor Pereira,(71) 94127-2003,0,Não contribuiu
Lucas Ribeiro,(71) 91596-2004,70,PIX
Gabriel Rocha,(71) 99775-2005,0,Não contribuiu
Patrícia Mendes,(71) 92447-2006,85,PIX
Rafael Ferreira,(71) 94797-2007,35,Espécie
Mateus Ramos,(71) 99458-2008,35,Espécie
Larissa Teixeira,(71) 91776-2009,75,Espécie
Simone Carvalho,(71) 99497-2010,10,PIX
João Souza,(71) 99363-2011,25,Espécie
Vanessa Moreira,(71) 95221-2012,80,PIX
João Carvalho,(71) 92757-2013,45,Espécie
João Lima,(71) 98391-2014,0,Não contribuiu
Mariana Oliveira,(71) 98067-2015,0,Não contribuiu
Yasmin Teixeira,(71) 99218-2016,40,Espécie
Paulo Melo,(71) 92240-2017,80,PIX
Aline Souza,(71) 96626-2018,40,Espécie
Diego Gomes,(71) 98902-2019,0,Não contribuiu
Helena Moreira,(71) 95385-2020,0,Não contribuiu
Yasmin Nascimento,(71) 91810-2021,85,Espécie
Rafael Teixeira,(71) 91758-2022,35,Espécie
Bruno Vieira,(71) 98445-2023,30,PIX
Rafael Teixeira,(71) 91035-2024,0,Não contribuiu
Juliana Carvalho,(71) 99374-2025,95,Espécie
Aline Ferreira,(71) 93492-2026,15,PIX
Natália Dias,(71) 94698-2027,90,PIX
Mariana Martins,(71) 99242-2028,50,PIX
Vinícius Ferreira,(71) 98828-2029,25,PIX
Renata Silva,(71) 99714-2030,40,Espécie
Mateus Dias,(71) 97587-2031,25,Espécie
Yasmin Costa,(71) 92895-2032,70,PIX
Simone Souza,(71) 92695-2033,0,Não contribuiu
Bruno Nascimento,(71) 98850-2034,25,PIX
Samuel Rocha,(71) 98533-2035,70,Espécie
Mateus Santos,(71) 91192-2036,0,Não contribuiu
Helena Rocha,(71) 91024-2037,50,Espécie
Thiago Melo,(71) 98540-2038,75,Espécie
Natália Silva,(71) 93802-2039,0,Não contribuiu
Sofia Nascimento,(71) 98964-2040,0,Não contribuiu
Ana Barbosa,(71) 94814-2041,0,Não contribuiu
Patrícia Nascimento,(71) 95880-2042,75,Espécie
Isabela Carvalho,(71) 96127-2043,0,Não contribuiu
Rodrigo Barbosa,(71) 92582-2044,95,Espécie
Victor Ramos,(71) 97963-2045,75,Espécie
Patrícia Almeida,(71) 93286-2046,80,PIX
Rafael Ferreira,(71) 94112-2047,15,PIX
Rafael Mendes,(71) 93200-2048,55,Espécie
Juliana Barbosa,(71) 98969-2049,0,Não contribuiu
Thiago Rocha,(71) 92928-2050,30,Espécie
Gustavo Souza,(71) 95004-2051,0,Não contribuiu
Beatriz Carvalho,(71) 91320-2052,0,Não contribuiu
Camila Rocha,(71) 95179-2053,75,PIX
Daniel Santos,(71) 91518-2054,25,Espécie
Marcelo Santos,(71) 96403-2055,75,Espécie
Aline Rocha,(71) 95343-2056,95,Espécie
Fernanda Ferreira,(71) 98603-2057,0,Não contribuiu
Beatriz Carvalho,(71) 99163-2058,0,Não contribuiu
Sofia Nascimento,(71) 99731-2059,85,Espécie
Sofia Gomes,(71) 91444-2060,0,Não contribuiu
Larissa Barbosa,(71) 93729-2061,90,PIX
Natália Rocha,(71) 93788-2062,100,PIX
Mariana Costa,(71) 97110-2063,0,Não contribuiu
Natália Silva,(71) 94064-2064,55,Espécie
Camila Oliveira,(71) 95988-2065,25,PIX
Mateus Martins,(71) 99244-2066,20,Espécie
Patrícia Rocha,(71) 95501-2067,40,PIX
Paulo Oliveira,(71) 93088-2068,25,Espécie
Thiago Moreira,(71) 91059-2069,75,Espécie
Mariana Rocha,(71) 98289-2070,70,PIX
William Santos,(71) 92052-2071,65,PIX
William Costa,(71) 91322-2072,10,Espécie
Larissa Ramos,(71) 93641-2073,95,Espécie
Paulo Santos,(71) 98970-2074,0,Não contribuiu
Elaine Ramos,(71) 98484-2075,55,Espécie
Renata Moreira,(71) 91587-2076,80,Espécie
Beatriz Martins,(71) 98846-2077,15,PIX
Juliana Martins,(71) 97793-2078,0,Não contribuiu
Mateus Santos,(71) 96585-2079,0,Não contribuiu
Gustavo Gomes,(71) 95086-2080,10,PIX
Natália Ferreira,(71) 93459-2081,70,PIX
Sofia Ramos,(71) 99416-2082,80,PIX
Renata Almeida,(71) 99718-2083,85,PIX
Paulo Ribeiro,(71) 92158-2084,85,Espécie
Patrícia Lima,(71) 91010-2085,0,Não contribuiu
Rafael Martins,(71) 99368-2086,90,Espécie
Diego Nascimento,(71) 94301-2087,0,Não contribuiu
Lucas Ramos,(71) 97962-2088,0,Não contribuiu
Beatriz Oliveira,(71) 94341-2089,75,Espécie
Sofia Martins,(71) 95155-2090,60,PIX
Natália Vieira,(71) 91195-2091,15,PIX
Aline Ferreira,(71) 95043-2092,0,Não contribuiu
Sofia Nascimento,(71) 94140-2093,10,Espécie
Marcelo Silva,(71) 94254-2094,0,Não contribuiu
Carlos Mendes,(71) 92704-2095,40,Espécie
Juliana Almeida,(71) 94948-2096,40,Espécie
Samuel Vieira,(71) 92131-2097,55,Espécie
Marcelo Melo,(71) 96453-2098,85,PIX
Paulo Melo,(71) 94986-2099,80,PIX
Thiago Pereira,(71) 97110-2100,60,Espécie
João Carvalho,(71) 94199-2101,10,PIX
Fernanda Santos,(71) 96685-2102,50,Espécie
Beatriz Carvalho,(71) 92912-2103,10,PIX
Beatriz Moreira,(71) 91032-2104,80,PIX
Mateus Ribeiro,(71) 93922-2105,0,Não contribuiu
Diego Nascimento,(71) 91695-2106,70,Espécie
Samuel Santos,(71) 99828-2107,15,Espécie
Eduardo Rocha,(71) 91893-2108,10,PIX
Juliana Santos,(71) 92422-2109,15,PIX
Renata Santos,(71) 92774-2110,0,Não contribuiu
Carlos Santos,(71) 92097-2111,0,Não contribuiu
Carlos Nascimento,(71) 96827-2112,0,Não contribuiu
Samuel Nascimento,(71) 92045-2113,95,Espécie
Juliana Ferreira,(71) 99880-2114,0,Não contribuiu
Vanessa Teixeira,(71) 99249-2115,0,Não contribuiu
Diego Nascimento,(71) 95792-2116,65,Espécie
Aline Vieira,(71) 96932-2117,50,PIX
Aline Nascimento,(71) 94810-2118,15,PIX
Aline Mendes,(71) 96609-2119,15,PIX
João Melo,(71) 91811-2120,35,PIX
Gustavo Ribeiro,(71) 98642-2121,0,Não contribuiu
Elaine Martins,(71) 95900-2122,95,PIX
Lucas Pereira,(71) 98894-2123,85,PIX
Bruno Melo,(71) 98693-2124,25,PIX
Mateus Martins,(71) 94556-2125,20,PIX
Aline Souza,(71) 99638-2126,95,Espécie
Paulo Ribeiro,(71) 91177-2127,0,Não contribuiu
Simone Lima,(71) 92283-2128,0,Não contribuiu
Carlos Costa,(71) 95222-2129,0,Não contribuiu
Lucas Ferreira,(71) 93498-2130,0,Não contribuiu
Larissa Dias,(71) 95958-2131,65,PIX
Thiago Barbosa,(71) 98311-2132,50,PIX
Larissa Almeida,(71) 95931-2133,60,PIX
Fernanda Gomes,(71) 97420-2134,0,Não contribuiu
Helena Santos,(71) 95355-2135,15,Espécie
Patrícia Ramos,(71) 98383-2136,90,Espécie
Simone Ramos,(71) 94909-2137,45,Espécie
Renata Almeida,(71) 97496-2138,0,Não contribuiu
Juliana Ramos,(71) 98461-2139,30,PIX
Vinícius Martins,(71) 99833-2140,40,PIX
Gabriel Rocha,(71) 92107-2141,30,Espécie
Natália Silva,(71) 94358-2142,100,Espécie
Juliana Pereira,(71) 93760-2143,20,PIX
Bruno Ribeiro,(71) 93462-2144,30,Espécie
Lucas Nascimento,(71) 95091-2145,0,Não contribuiu
Marcelo Rocha,(71) 93666-2146,25,PIX
Simone Pereira,(71) 99455-2147,30,PIX
Gustavo Gomes,(71) 99237-2148,80,PIX
João Martins,(71) 97497-2149,25,Espécie
Gabriel Almeida,(71) 99538-2150,30,Espécie
Yasmin Barbosa,(71) 96533-2151,0,Não contribuiu
Patrícia Mendes,(71) 97734-2152,85,PIX
Yasmin Almeida,(71) 92068-2153,45,PIX
Daniel Melo,(71) 95547-2154,65,PIX
Fábio Ribeiro,(71) 96861-2155,55,PIX
Gabriel Barbosa,(71) 91077-2156,95,Espécie
Beatriz Nascimento,(71) 92457-2157,70,PIX
Helena Almeida,(71) 95315-2158,45,PIX
Fábio Lima,(71) 99359-2159,90,Espécie
Mariana Lima,(71) 96250-2160,40,PIX
Mateus Souza,(71) 93331-2161,50,Espécie
William Nascimento,(71) 94936-2162,0,Não contribuiu
Isabela Rocha,(71) 96955-2163,70,Espécie
Bruno Rocha,(71) 94730-2164,25,Espécie
Sofia Santos,(71) 93077-2165,95,Espécie
Daniel Silva,(71) 91427-2166,10,PIX
Fábio Barbosa,(71) 98739-2167,65,PIX
Yasmin Martins,(71) 92315-2168,65,PIX
Rafael Ferreira,(71) 95813-2169,60,PIX
Camila Ferreira,(71) 92108-2170,0,Não contribuiu
Juliana Moreira,(71) 94831-2171,40,PIX
Vinícius Rocha,(71) 95037-2172,0,Não contribuiu
Fernanda Almeida,(71) 96745-2173,15,Espécie
Isabela Nascimento,(71) 94121-2174,15,PIX
Gabriel Santos,(71) 94962-2175,100,Espécie
Beatriz Carvalho,(71) 93902-2176,70,Espécie
Juliana Ramos,(71) 94658-2177,55,PIX
Diego Souza,(71) 95850-2178,0,Não contribuiu
Gabriel Ribeiro,(71) 96769-2179,15,Espécie
Mateus Souza,(71) 96868-2180,30,PIX
Natália Ramos,(71) 95617-2181,0,Não contribuiu
Camila Melo,(71) 91146-2182,0,Não contribuiu
Sofia Lima,(71) 96325-2183,55,Espécie
Larissa Costa,(71) 95554-2184,10,Espécie
Mateus Souza,(71) 91547-2185,15,Espécie
William Rocha,(71) 97070-2186,70,Espécie
Elaine Almeida,(71) 95294-2187,40,Espécie
Simone Souza,(71) 96755-2188,65,PIX
Camila Barbosa,(71) 91726-2189,100,PIX
Vanessa Gomes,(71) 91441-2190,0,Não contribuiu
William Santos,(71) 95029-2191,70,PIX
Ana Costa,(71) 99167-2192,10,PIX
Patrícia Gomes,(71) 95213-2193,0,Não contribuiu
Camila Santos,(71) 94740-2194,0,Não contribuiu
Daniel Santos,(71) 97430-2195,35,Espécie
João Lima,(71) 97212-2196,30,Espécie
Samuel Gomes,(71) 94986-2197,0,Não contribuiu
Fernanda Pereira,(71) 99360-2198,80,Espécie
Carlos Almeida,(71) 98113-2199,95,PIX
Victor Teixeira,(71) 95375-2200,85,PIX
Renata Lima,(71) 92662-2201,95,Espécie
Mariana Oliveira,(71) 99540-2202,0,Não contribuiu
Beatriz Rocha,(71) 93789-2203,20,PIX
Larissa Lima,(71) 98119-2204,90,Espécie
Mariana Ribeiro,(71) 92912-2205,70,PIX
Victor Dias,(71) 97721-2206,95,PIX
Fábio Gomes,(71) 92755-2207,15,Espécie
João Lima,(71) 94893-2208,85,PIX
Rafael Ramos,(71) 96677-2209,10,Espécie
Marcelo Oliveira,(71) 95948-2210,90,PIX
Renata Melo,(71) 94993-2211,40,PIX
Samuel Souza,(71) 92259-2212,60,PIX
Renata Melo,(71) 96132-2213,50,Espécie
Thiago Lima,(71) 95046-2214,90,PIX
Paulo Nascimento,(71) 98400-2215,70,PIX
Isabela Ribeiro,(71) 99901-2216,65,Espécie
Helena Martins,(71) 95892-2217,0,Não contribuiu
Mariana Melo,(71) 99444-2218,65,PIX
Rodrigo Oliveira,(71) 95777-2219,45,PIX
Isabela Barbosa,(71) 96368-2220,25,PIX
Paulo Souza,(71) 92231-2221,10,PIX
Diego Carvalho,(71) 96159-2222,65,PIX
Eduardo Santos,(71) 98132-2223,20,Espécie
Vinícius Lima,(71) 97356-2224,95,Espécie
Yasmin Carvalho,(71) 97018-2225,70,Espécie
Gustavo Costa,(71) 92251-2226,80,PIX
Mateus Rocha,(71) 94011-2227,0,Não contribuiu
Paulo Vieira,(71) 98007-2228,100,Espécie
Isabela Gomes,(71) 96028-2229,75,PIX
Yasmin Nascimento,(71) 91768-2230,75,PIX
Helena Ferreira,(71) 92807-2231,10,PIX
Yasmin Costa,(71) 94654-2232,90,Espécie
Diego Silva,(71) 92954-2233,0,Não contribuiu
Isabela Almeida,(71) 92715-2234,50,Espécie
Vanessa Oliveira,(71) 98229-2235,85,Espécie
Isabela Martins,(71) 97736-2236,0,Não contribuiu
Juliana Nascimento,(71) 92799-2237,0,Não contribuiu
Natália Ferreira,(71) 96808-2238,60,PIX
Yasmin Silva,(71) 96078-2239,60,PIX
Samuel Barbosa,(71) 98555-2240,70,Espécie
Patrícia Souza,(71) 92228-2241,60,PIX
Vanessa Souza,(71) 91736-2242,90,Espécie
Fernanda Oliveira,(71) 99621-2243,15,PIX
Natália Ramos,(71) 91598-2244,0,Não contribuiu
Rodrigo Nascimento,(71) 95049-2245,85,Espécie
Aline Pereira,(71) 98703-2246,35,Espécie
Bruno Silva,(71) 97971-2247,80,Espécie
Patrícia Nascimento,(71) 99832-2248,85,PIX
Thiago Pereira,(71) 97341-2249,70,Espécie
William Nascimento,(71) 92670-2250,65,PIX
Patrícia Almeida,(71) 97099-2251,20,PIX
Bruno Silva,(71) 98107-2252,100,Espécie
Sofia Teixeira,(71) 91616-2253,0,Não contribuiu
Paulo Vieira,(71) 99819-2254,0,Não contribuiu
Samuel Carvalho,(71) 96692-2255,70,Espécie
Samuel Moreira,(71) 94253-2256,95,Espécie
Eduardo Ferreira,(71) 99246-2257,0,Não contribuiu
Isabela Pereira,(71) 96126-2258,100,Espécie
Thiago Pereira,(71) 96516-2259,30,PIX
Gustavo Pereira,(71) 92433-2260,40,Espécie
Helena Vieira,(71) 92489-2261,25,PIX
Victor Teixeira,(71) 97893-2262,25,PIX
Mariana Souza,(71) 98872-2263,100,PIX
Eduardo Silva,(71) 92595-2264,0,Não contribuiu
Bruno Mendes,(71) 99114-2265,90,Espécie
Victor Gomes,(71) 94084-2266,45,Espécie
Daniel Teixeira,(71) 93335-2267,0,Não contribuiu
Isabela Ramos,(71) 92096-2268,0,Não contribuiu
Carlos Lima,(71) 95740-2269,80,PIX
Renata Martins,(71) 97105-2270,45,PIX
Ana Rocha,(71) 95995-2271,0,Não contribuiu
Natália Ribeiro,(71) 92386-2272,100,Espécie
Patrícia Ferreira,(71) 95773-2273,65,PIX
Bruno Pereira,(71) 91194-2274,45,Espécie
Sofia Costa,(71) 92659-2275,0,Não contribuiu
Simone Ramos,(71) 96693-2276,60,Espécie
Thiago Martins,(71) 93722-2277,15,Espécie
João Melo,(71) 91596-2278,45,Espécie
Renata Costa,(71) 95234-2279,25,Espécie
Fábio Ribeiro,(71) 93538-2280,0,Não contribuiu
Lucas Lima,(71) 95985-2281,70,Espécie
Daniel Barbosa,(71) 91279-2282,90,Espécie
Marcelo Almeida,(71) 97184-2283,90,Espécie
Juliana Ramos,(71) 93524-2284,0,Não contribuiu
Mariana Moreira,(71) 91886-2285,0,Não contribuiu
Vanessa Mendes,(71) 92180-2286,50,Espécie
Victor Gomes,(71) 97923-2287,35,PIX
Vinícius Lima,(71) 95856-2288,50,Espécie
Victor Ribeiro,(71) 92764-2289,55,Espécie
Fábio Carvalho,(71) 95410-2290,0,Não contribuiu
Samuel Lima,(71) 92946-2291,20,PIX
Carlos Moreira,(71) 96867-2292,0,Não contribuiu
Beatriz Carvalho,(71) 94037-2293,25,PIX
Vinícius Moreira,(71) 92160-2294,0,Não contribuiu
Natália Gomes,(71) 98471-2295,0,Não contribuiu
Isabela Nascimento,(71) 94183-2296,20,PIX
William Costa,(71) 93654-2297,95,PIX
Fernanda Lima,(71) 91453-2298,60,PIX
Fernanda Dias,(71) 95554-2299,90,Espécie
Isabela Souza,(71) 95421-2300,20,PIX
Paulo Ribeiro,(71) 98344-2301,70,Espécie
William Silva,(71) 94613-2302,55,PIX
Gabriel Silva,(71) 94436-2303,20,Espécie
Thiago Carvalho,(71) 99157-2304,0,Não contribuiu
Elaine Souza,(71) 92633-2305,65,PIX
Beatriz Mendes,(71) 93847-2306,0,Não contribuiu
Elaine Melo,(71) 99766-2307,15,Espécie
Marcelo Ramos,(71) 96898-2308,60,PIX
Isabela Moreira,(71) 96485-2309,40,PIX
Patrícia Lima,(71) 97080-2310,50,PIX
Eduardo Teixeira,(71) 92556-2311,30,PIX
Eduardo Almeida,(71) 93756-2312,70,PIX
Vanessa Melo,(71) 98879-2313,0,Não contribuiu
Elaine Santos,(71) 97562-2314,25,Espécie
Patrícia Gomes,(71) 98399-2315,55,Espécie
Samuel Nascimento,(71) 99338-2316,0,Não contribuiu
Larissa Martins,(71) 94510-2317,30,PIX
Sofia Barbosa,(71) 93143-2318,75,Espécie
Natália Lima,(71) 94770-2319,80,PIX
Isabela Vieira,(71) 97616-2320,50,Espécie
Fábio Melo,(71) 94586-2321,25,PIX
Vinícius Pereira,(71) 92008-2322,25,Espécie
Victor Rocha,(71) 92659-2323,65,Espécie
Fábio Pereira,(71) 99351-2324,95,Espécie
Daniel Dias,(71) 99076-2325,0,Não contribuiu
William Gomes,(71) 97364-2326,55,PIX
Vanessa Gomes,(71) 92697-2327,0,Não contribuiu
Thiago Ramos,(71) 96804-2328,15,PIX
Mateus Oliveira,(71) 98199-2329,55,PIX
Eduardo Ramos,(71) 92481-2330,100,PIX
Paulo Ramos,(71) 97773-2331,50,Espécie
Eduardo Gomes,(71) 95702-2332,80,PIX
Bruno Lima,(71) 98983-2333,0,Não contribuiu
Vinícius Pereira,(71) 93333-2334,15,Espécie
Mariana Vieira,(71) 91449-2335,70,PIX
Vinícius Oliveira,(71) 99775-2336,15,PIX
Samuel Ribeiro,(71) 92949-2337,40,Espécie
Marcelo Mendes,(71) 91173-2338,15,Espécie
Ana Melo,(71) 94316-2339,25,Espécie
Elaine Santos,(71) 98396-2340,45,Espécie
Simone Nascimento,(71) 97743-2341,0,Não contribuiu
Beatriz Martins,(71) 91011-2342,70,Espécie
Camila Vieira,(71) 92952-2343,100,Espécie
Thiago Pereira,(71) 98784-2344,15,Espécie
Eduardo Carvalho,(71) 96769-2345,0,Não contribuiu
Larissa Mendes,(71) 92571-2346,40,Espécie
Vinícius Dias,(71) 94421-2347,75,Espécie
Beatriz Ribeiro,(71) 99379-2348,50,Espécie
Thiago Gomes,(71) 96259-2349,95,Espécie
Lucas Barbosa,(71) 97915-2350,0,Não contribuiu
Gustavo Almeida,(71) 98170-2351,90,Espécie
João Santos,(71) 97098-2352,80,Espécie
Gustavo Melo,(71) 96357-2353,20,Espécie
Sofia Pereira,(71) 98726-2354,30,Espécie
Yasmin Vieira,(71) 97307-2355,50,PIX
Vanessa Costa,(71) 92098-2356,10,Espécie
João Gomes,(71) 96397-2357,80,PIX
William Carvalho,(71) 95429-2358,70,PIX
Elaine Nascimento,(71) 93676-2359,35,PIX
Simone Gomes,(71) 93649-2360,45,Espécie
Lucas Gomes,(71) 94905-2361,65,Espécie
João Martins,(71) 93357-2362,0,Não contribuiu
Juliana Souza,(71) 91497-2363,80,PIX
Simone Moreira,(71) 95434-2364,0,Não contribuiu
Camila Nascimento,(71) 91812-2365,25,Espécie
Sofia Moreira,(71) 92370-2366,100,Espécie
Camila Costa,(71) 95819-2367,45,PIX
Samuel Nascimento,(71) 96279-2368,0,Não contribuiu
Samuel Mendes,(71) 92312-2369,10,Espécie
Diego Ribeiro,(71) 96732-2370,85,Espécie
William Silva,(71) 99928-2371,85,PIX
Victor Nascimento,(71) 97443-2372,75,Espécie
João Nascimento,(71) 97192-2373,25,PIX
Juliana Carvalho,(71) 94146-2374,0,Não contribuiu
Thiago Costa,(71) 99315-2375,0,Não contribuiu
Juliana Pereira,(71) 99874-2376,40,PIX
Paulo Ramos,(71) 98763-2377,45,PIX
Mariana Dias,(71) 97876-2378,75,Espécie
Mateus Rocha,(71) 98602-2379,85,Espécie
Rafael Rocha,(71) 92379-2380,40,Espécie
Carlos Ribeiro,(71) 97260-2381,75,Espécie
Bruno Ramos,(71) 98700-2382,0,Não contribuiu
Sofia Pereira,(71) 97737-2383,0,Não contribuiu
Elaine Oliveira,(71) 92907-2384,45,PIX
Yasmin Ramos,(71) 98738-2385,100,PIX
Eduardo Dias,(71) 94627-2386,0,Não contribuiu
Eduardo Rocha,(71) 98514-2387,65,PIX
Thiago Barbosa,(71) 94778-2388,15,Espécie
Diego Mendes,(71) 98182-2389,65,PIX
Natália Ribeiro,(71) 99887-2390,35,Espécie
Samuel Silva,(71) 93487-2391,55,Espécie
Vanessa Martins,(71) 96438-2392,45,Espécie
Simone Almeida,(71) 99247-2393,45,PIX
Fernanda Souza,(71) 98954-2394,0,Não contribuiu
Eduardo Moreira,(71) 92713-2395,10,Espécie
Vanessa Vieira,(71) 91001-2396,65,PIX
Helena Almeida,(71) 97675-2397,25,Espécie
Larissa Melo,(71) 99108-2398,75,Espécie
Ana Ramos,(71) 92752-2399,20,Espécie
Paulo Martins,(71) 99136-2400,95,PIX
Thiago Dias,(71) 97087-2401,60,PIX
Marcelo Oliveira,(71) 99751-2402,10,PIX
Beatriz Ramos,(71) 94933-2403,95,Espécie
Mariana Ferreira,(71) 91403-2404,50,Espécie
Camila Dias,(71) 99573-2405,0,Não contribuiu
Fábio Ribeiro,(71) 97744-2406,95,PIX
Daniel Carvalho,(71) 98346-2407,85,PIX
Fábio Costa,(71) 95105-2408,80,Espécie
Beatriz Vieira,(71) 97233-2409,45,PIX
Daniel Lima,(71) 98335-2410,35,PIX
Rafael Almeida,(71) 92172-2411,15,Espécie
Marcelo Teixeira,(71) 97394-2412,100,PIX
Helena Ribeiro,(71) 97518-2413,0,Não contribuiu
Ana Ribeiro,(71) 94536-2414,100,Espécie
Vanessa Rocha,(71) 99959-2415,60,Espécie
Fábio Teixeira,(71) 94882-2416,50,PIX
Juliana Costa,(71) 92150-2417,85,Espécie
Marcelo Almeida,(71) 94897-2418,0,Não contribuiu
Camila Almeida,(71) 92390-2419,55,PIX
Juliana Nascimento,(71) 93179-2420,0,Não contribuiu
Marcelo Mendes,(71) 94369-2421,55,PIX
Yasmin Santos,(71) 95105-2422,30,PIX
Carlos Pereira,(71) 99635-2423,50,PIX
Beatriz Vieira,(71) 92170-2424,75,Espécie
Rafael Melo,(71) 93479-2425,85,PIX
Gustavo Carvalho,(71) 95769-2426,0,Não contribuiu
Larissa Moreira,(71) 97241-2427,25,PIX
Sofia Ferreira,(71) 95072-2428,90,PIX
Victor Ferreira,(71) 95772-2429,40,PIX
Helena Carvalho,(71) 94239-2430,0,Não contribuiu
Isabela Souza,(71) 91062-2431,50,Espécie
Elaine Souza,(71) 98388-2432,0,Não contribuiu
William Melo,(71) 91437-2433,75,PIX
Lucas Dias,(71) 93449-2434,35,PIX
Gustavo Ferreira,(71) 97895-2435,80,Espécie
Rafael Carvalho,(71) 92010-2436,55,Espécie
Samuel Santos,(71) 99366-2437,35,PIX
Victor Pereira,(71) 98773-2438,10,PIX
Daniel Ribeiro,(71) 91052-2439,30,Espécie
Paulo Rocha,(71) 99208-2440,0,Não contribuiu
Paulo Costa,(71) 97383-2441,45,PIX
Sofia Costa,(71) 95268-2442,40,PIX
Rodrigo Dias,(71) 93106-2443,0,Não contribuiu
Lucas Costa,(71) 93714-2444,30,Espécie
Eduardo Melo,(71) 96052-2445,0,Não contribuiu
Samuel Carvalho,(71) 93186-2446,40,Espécie
Bruno Pereira,(71) 98195-2447,65,PIX
Simone Pereira,(71) 98342-2448,75,Espécie
William Santos,(71) 94133-2449,10,PIX
Eduardo Santos,(71) 93203-2450,75,Espécie
Renata Dias,(71) 91780-2451,85,PIX
Sofia Almeida,(71) 95237-2452,0,Não contribuiu
Sofia Mendes,(71) 98351-2453,30,Espécie
Carlos Gomes,(71) 91293-2454,65,PIX
Renata Santos,(71) 92193-2455,35,PIX
Renata Rocha,(71) 95376-2456,85,PIX
Helena Souza,(71) 99636-2457,15,Espécie
Mateus Teixeira,(71) 93153-2458,40,PIX
Gabriel Vieira,(71) 95314-2459,35,PIX
Diego Lima,(71) 99888-2460,0,Não contribuiu
Mariana Martins,(71) 93878-2461,30,PIX
Elaine Moreira,(71) 91757-2462,80,Espécie
Aline Moreira,(71) 98961-2463,75,PIX
Rafael Costa,(71) 94981-2464,90,PIX
Vanessa Barbosa,(71) 93884-2465,40,Espécie
Aline Martins,(71) 97250-2466,95,PIX
Juliana Ramos,(71) 94250-2467,30,Espécie
Lucas Ribeiro,(71) 95552-2468,0,Não contribuiu
Aline Gomes,(71) 98347-2469,20,Espécie
Thiago Teixeira,(71) 97751-2470,0,Não contribuiu
Mariana Dias,(71) 96789-2471,45,PIX
Renata Barbosa,(71) 95088-2472,15,PIX
Ana Nascimento,(71) 91369-2473,25,PIX
João Gomes,(71) 99631-2474,55,Espécie
Fábio Vieira,(71) 97599-2475,0,Não contribuiu
Bruno Dias,(71) 94486-2476,40,Espécie
Fábio Dias,(71) 99242-2477,10,PIX
Mateus Melo,(71) 95164-2478,0,Não contribuiu
Marcelo Carvalho,(71) 95921-2479,0,Não contribuiu
Rodrigo Dias,(71) 97764-2480,70,PIX
Diego Martins,(71) 91070-2481,20,PIX
Simone Mendes,(71) 93705-2482,40,PIX
Ana Ferreira,(71) 92477-2483,50,PIX
Ana Oliveira,(71) 92685-2484,0,Não contribuiu
Yasmin Mendes,(71) 91105-2485,0,Não contribuiu
João Santos,(71) 97991-2486,0,Não contribuiu
Natália Pereira,(71) 95285-2487,20,PIX
Beatriz Souza,(71) 97396-2488,30,Espécie
Mateus Teixeira,(71) 92143-2489,55,PIX
Patrícia Moreira,(71) 96267-2490,0,Não contribuiu
Patrícia Oliveira,(71) 92159-2491,0,Não contribuiu
Ana Silva,(71) 98855-2492,40,Espécie
William Ferreira,(71) 98747-2493,80,PIX
Natália Mendes,(71) 95319-2494,80,PIX
Camila Moreira,(71) 97822-2495,0,Não contribuiu
Vanessa Gomes,(71) 94497-2496,10,Espécie
Simone Mendes,(71) 96779-2497,80,PIX
Natália Carvalho,(71) 99460-2498,35,Espécie
Fernanda Pereira,(71) 99302-2499,10,Espécie
Mariana Costa,(71) 98212-2500,0,Não contribuiu
Gustavo Barbosa,(71) 91789-2501,0,Não contribuiu
Aline Santos,(71) 98088-2502,100,PIX
Lucas Gomes,(71) 93554-2503,100,Espécie
Sofia Ribeiro,(71) 97349-2504,0,Não contribuiu
Juliana Gomes,(71) 94199-2505,0,Não contribuiu
Gustavo Pereira,(71) 99123-2506,0,Não contribuiu
Camila Ramos,(71) 97896-2507,40,Espécie
Natália Carvalho,(71) 96922-2508,30,PIX
Fernanda Costa,(71) 95277-2509,95,Espécie
Gustavo Rocha,(71) 99887-2510,40,Espécie
Larissa Ramos,(71) 98316-2511,40,PIX
Beatriz Ribeiro,(71) 98385-2512,45,PIX
Ana Oliveira,(71) 95230-2513,85,Espécie
Vinícius Barbosa,(71) 96632-2514,75,PIX
Rafael Vieira,(71) 97076-2515,95,Espécie
Diego Santos,(71) 91212-2516,85,Espécie
Carlos Souza,(71) 96588-2517,15,PIX
Juliana Ribeiro,(71) 94360-2518,60,Espécie
Beatriz Ribeiro,(71) 97686-2519,35,Espécie
Thiago Ramos,(71) 91655-2520,0,Não contribuiu
Diego Santos,(71) 99625-2521,75,PIX
Natália Almeida,(71) 98811-2522,35,PIX
Samuel Ramos,(71) 99908-2523,25,PIX
Gabriel Nascimento,(71) 99420-2524,50,PIX
Diego Gomes,(71) 94476-2525,0,Não contribuiu
Marcelo Souza,(71) 92612-2526,25,Espécie
Daniel Dias,(71) 97959-2527,95,Espécie
Camila Costa,(71) 91914-2528,85,Espécie
Sofia Vieira,(71) 99558-2529,65,PIX
Patrícia Souza,(71) 93902-2530,95,PIX
Eduardo Pereira,(71) 94461-2531,70,Espécie
Daniel Martins,(71) 96587-2532,45,PIX
Lucas Vieira,(71) 98505-2533,0,Não contribuiu
Thiago Melo,(71) 99191-2534,90,Espécie
Bruno Costa,(71) 92762-2535,30,PIX
Ana Ribeiro,(71) 99638-2536,65,Espécie
Simone Pereira,(71) 92730-2537,90,PIX
Diego Souza,(71) 91891-2538,0,Não contribuiu
Vanessa Santos,(71) 96388-2539,65,PIX
Ana Almeida,(71) 92020-2540,40,Espécie
Gustavo Pereira,(71) 96788-2541,0,Não contribuiu
Eduardo Oliveira,(71) 94544-2542,0,Não contribuiu
Natália Silva,(71) 93767-2543,15,PIX
Gustavo Rocha,(71) 91530-2544,45,Espécie
Vanessa Santos,(71) 98634-2545,90,Espécie
Mariana Ferreira,(71) 96315-2546,45,PIX
Yasmin Silva,(71) 97596-2547,65,Espécie
Vanessa Teixeira,(71) 99262-2548,20,Espécie
Isabela Oliveira,(71) 93202-2549,0,Não contribuiu
Juliana Silva,(71) 99708-2550,60,Espécie
Thiago Oliveira,(71) 92077-2551,85,Espécie
Daniel Martins,(71) 94899-2552,75,PIX
Juliana Pereira,(71) 98852-2553,15,Espécie
Thiago Lima,(71) 93317-2554,75,PIX
Larissa Oliveira,(71) 92955-2555,40,Espécie
Marcelo Teixeira,(71) 99716-2556,0,Não contribuiu
Rafael Gomes,(71) 93106-2557,55,Espécie
Beatriz Martins,(71) 98818-2558,95,PIX
Victor Ramos,(71) 98836-2559,0,Não contribuiu
Victor Ribeiro,(71) 97630-2560,0,Não contribuiu
João Gomes,(71) 98258-2561,45,Espécie
Victor Ferreira,(71) 92698-2562,20,PIX
Sofia Barbosa,(71) 99992-2563,0,Não contribuiu
Samuel Santos,(71) 92124-2564,25,Espécie
Helena Santos,(71) 93447-2565,40,Espécie
Gustavo Nascimento,(71) 93521-2566,35,Espécie
Beatriz Pereira,(71) 99050-2567,50,PIX
Patrícia Ferreira,(71) 95884-2568,0,Não contribuiu
Juliana Souza,(71) 99210-2569,0,Não contribuiu
Sofia Rocha,(71) 97018-2570,50,PIX
Isabela Dias,(71) 92052-2571,50,PIX
Natália Silva,(71) 98537-2572,75,PIX
Camila Barbosa,(71) 91015-2573,25,PIX
Rodrigo Oliveira,(71) 99904-2574,45,Espécie
Thiago Vieira,(71) 96687-2575,75,PIX
Sofia Pereira,(71) 96802-2576,15,Espécie
Diego Lima,(71) 93990-2577,85,PIX
Gustavo Souza,(71) 91127-2578,40,Espécie
Gustavo Pereira,(71) 93388-2579,30,Espécie
Helena Dias,(71) 93949-2580,15,Espécie
Victor Vieira,(71) 96331-2581,0,Não contribuiu
Vinícius Vieira,(71) 93886-2582,50,Espécie
Victor Barbosa,(71) 93596-2583,35,PIX
Marcelo Dias,(71) 95925-2584,25,Espécie
Rafael Costa,(71) 91794-2585,100,Espécie
João Martins,(71) 99066-2586,45,PIX
Camila Ramos,(71) 98789-2587,100,PIX
Camila Mendes,(71) 99160-2588,0,Não contribuiu
Mateus Vieira,(71) 96087-2589,15,PIX
Juliana Ferreira,(71) 94051-2590,30,Espécie
Rodrigo Dias,(71) 98165-2591,0,Não contribuiu
William Vieira,(71) 95141-2592,0,Não contribuiu
Aline Souza,(71) 97795-2593,70,PIX
Rodrigo Ribeiro,(71) 96830-2594,45,PIX
Rodrigo Almeida,(71) 92585-2595,0,Não contribuiu
Eduardo Santos,(71) 94503-2596,65,PIX
Daniel Dias,(71) 98840-2597,55,PIX
Fábio Santos,(71) 95368-2598,45,PIX
William Nascimento,(71) 94118-2599,0,Não contribuiu
Natália Dias,(71) 92960-2600,0,Não contribuiu
Gabriel Pereira,(71) 91517-2601,30,PIX
Vanessa Vieira,(71) 98546-2602,10,Espécie
Yasmin Nascimento,(71) 98158-2603,100,Espécie
Bruno Pereira,(71) 95921-2604,25,PIX
Isabela Almeida,(71) 93096-2605,90,PIX
Rodrigo Lima,(71) 93220-2606,0,Não contribuiu
Bruno Ribeiro,(71) 91227-2607,95,Espécie
Sofia Gomes,(71) 98576-2608,45,PIX
Carlos Santos,(71) 97300-2609,35,PIX
Bruno Mendes,(71) 93635-2610,40,PIX
Isabela Ferreira,(71) 91525-2611,0,Não contribuiu
Natália Ribeiro,(71) 97061-2612,45,PIX
Thiago Souza,(71) 95671-2613,30,Espécie
Samuel Rocha,(71) 99062-2614,40,PIX
Vinícius Costa,(71) 98246-2615,0,Não contribuiu
Marcelo Rocha,(71) 91988-2616,0,Não contribuiu
Marcelo Rocha,(71) 91055-2617,40,PIX
Yasmin Carvalho,(71) 93729-2618,60,Espécie
Fernanda Souza,(71) 96379-2619,10,PIX
Samuel Dias,(71) 93340-2620,35,Espécie
Sofia Ribeiro,(71) 98917-2621,0,Não contribuiu
Isabela Mendes,(71) 98703-2622,60,PIX
Bruno Carvalho,(71) 96383-2623,60,PIX
Simone Almeida,(71) 98166-2624,25,PIX
Lucas Carvalho,(71) 91266-2625,10,PIX
Beatriz Gomes,(71) 96461-2626,20,Espécie
Bruno Ramos,(71) 96867-2627,0,Não contribuiu
Carlos Santos,(71) 92502-2628,0,Não contribuiu
Vanessa Carvalho,(71) 92876-2629,95,Espécie
Daniel Ramos,(71) 97235-2630,0,Não contribuiu
Natália Silva,(71) 92110-2631,95,PIX
Sofia Lima,(71) 93385-2632,0,Não contribuiu
Rodrigo Oliveira,(71) 99035-2633,40,PIX
Mariana Oliveira,(71) 98682-2634,55,PIX
Fernanda Mendes,(71) 97479-2635,50,Espécie
Marcelo Carvalho,(71) 95746-2636,35,PIX
Thiago Souza,(71) 91739-2637,95,PIX
Ana Dias,(71) 92225-2638,50,PIX
Diego Silva,(71) 92643-2639,15,Espécie
Marcelo Santos,(71) 95468-2640,45,Espécie
Larissa Nascimento,(71) 93587-2641,80,Espécie
Samuel Vieira,(71) 96692-2642,35,Espécie
Paulo Silva,(71) 97964-2643,85,PIX
Fábio Lima,(71) 98817-2644,65,PIX
Larissa Barbosa,(71) 94721-2645,0,Não contribuiu
Diego Costa,(71) 99477-2646,40,PIX
Carlos Lima,(71) 95802-2647,0,Não contribuiu
Camila Costa,(71) 91003-2648,75,Espécie
Aline Melo,(71) 91184-2649,40,Espécie
Diego Moreira,(71) 99049-2650,30,PIX
Sofia Oliveira,(71) 95327-2651,20,PIX
Lucas Teixeira,(71) 94158-2652,0,Não contribuiu
Camila Ferreira,(71) 93554-2653,60,PIX
Renata Oliveira,(71) 92705-2654,45,PIX
Bruno Vieira,(71) 99837-2655,50,PIX
Yasmin Almeida,(71) 99064-2656,0,Não contribuiu
Marcelo Melo,(71) 94863-2657,80,Espécie
Bruno Ribeiro,(71) 94133-2658,55,PIX
Aline Rocha,(71) 99966-2659,90,PIX
Simone Silva,(71) 99565-2660,45,Espécie
Carlos Moreira,(71) 93004-2661,75,PIX
João Silva,(71) 94493-2662,90,PIX
Gustavo Martins,(71) 98985-2663,85,Espécie
Eduardo Gomes,(71) 93058-2664,90,Espécie
Vinícius Dias,(71) 91071-2665,70,Espécie
João Santos,(71) 92288-2666,0,Não contribuiu
Fernanda Rocha,(71) 97266-2667,0,Não contribuiu
Lucas Melo,(71) 95982-2668,80,Espécie
Marcelo Ferreira,(71) 98921-2669,0,Não contribuiu
Renata Ramos,(71) 95798-2670,75,Espécie
Gustavo Santos,(71) 92381-2671,75,Espécie
Rafael Gomes,(71) 92374-2672,45,Espécie
Isabela Moreira,(71) 98041-2673,70,Espécie
João Vieira,(71) 99422-2674,75,Espécie
Helena Moreira,(71) 96874-2675,0,Não contribuiu
Fernanda Vieira,(71) 92176-2676,25,PIX
Renata Ramos,(71) 91963-2677,20,PIX
Larissa Ramos,(71) 91822-2678,35,Espécie
Rodrigo Melo,(71) 94488-2679,20,Espécie
Eduardo Ferreira,(71) 93564-2680,55,PIX
Fernanda Costa,(71) 92560-2681,0,Não contribuiu
Lucas Barbosa,(71) 95907-2682,35,Espécie
Camila Almeida,(71) 97342-2683,100,Espécie
Gabriel Rocha,(71) 94004-2684,95,PIX
Simone Moreira,(71) 98408-2685,0,Não contribuiu
William Pereira,(71) 99965-2686,10,Espécie
Camila Martins,(71) 96849-2687,40,Espécie
Larissa Martins,(71) 91236-2688,75,PIX
Marcelo Dias,(71) 98100-2689,25,PIX
Mariana Gomes,(71) 96184-2690,45,Espécie
Bruno Pereira,(71) 99033-2691,65,PIX
Sofia Gomes,(71) 92457-2692,45,Espécie
Daniel Souza,(71) 93193-2693,80,PIX
Vinícius Lima,(71) 95895-2694,45,PIX
Victor Rocha,(71) 96971-2695,15,Espécie
Patrícia Souza,(71) 97877-2696,45,Espécie
Mariana Dias,(71) 99636-2697,30,PIX
Beatriz Moreira,(71) 92274-2698,65,PIX
Vanessa Souza,(71) 97672-2699,70,Espécie
Victor Moreira,(71) 92995-2700,0,Não contribuiu
Sofia Moreira,(71) 92113-2701,0,Não contribuiu
Marcelo Vieira,(71) 91941-2702,35,PIX
Helena Ramos,(71) 91318-2703,35,PIX
Fernanda Ribeiro,(71) 92420-2704,50,PIX
Lucas Ferreira,(71) 91775-2705,50,Espécie
Aline Ferreira,(71) 96201-2706,95,Espécie
Vinícius Rocha,(71) 91328-2707,90,Espécie
Samuel Silva,(71) 95758-2708,0,Não contribuiu
Simone Dias,(71) 92339-2709,65,PIX
Diego Gomes,(71) 95943-2710,0,Não contribuiu
Marcelo Pereira,(71) 93003-2711,100,PIX
Camila Gomes,(71) 92455-2712,0,Não contribuiu
Gustavo Ramos,(71) 99712-2713,100,Espécie
Aline Moreira,(71) 97853-2714,95,Espécie
Beatriz Nascimento,(71) 95628-2715,60,Espécie
Vinícius Rocha,(71) 95343-2716,0,Não contribuiu
Rodrigo Lima,(71) 91602-2717,100,PIX
Fábio Vieira,(71) 96969-2718,0,Não contribuiu
Beatriz Costa,(71) 99760-2719,75,PIX
Isabela Gomes,(71) 92170-2720,20,PIX
Marcelo Martins,(71) 97624-2721,80,Espécie
Carlos Pereira,(71) 99708-2722,75,Espécie
Natália Gomes,(71) 98494-2723,35,Espécie
Marcelo Costa,(71) 92511-2724,65,Espécie
Lucas Oliveira,(71) 96589-2725,70,PIX
Renata Martins,(71) 92757-2726,80,PIX
Thiago Ribeiro,(71) 96739-2727,65,Espécie
Mariana Teixeira,(71) 93026-2728,25,Espécie
Samuel Oliveira,(71) 99102-2729,50,Espécie
Victor Ferreira,(71) 92379-2730,55,PIX
Gabriel Melo,(71) 91314-2731,0,Não contribuiu
Vinícius Pereira,(71) 99187-2732,25,PIX
João Rocha,(71) 96409-2733,75,Espécie
Mateus Pereira,(71) 94122-2734,0,Não contribuiu
Rafael Teixeira,(71) 93282-2735,30,Espécie
Camila Souza,(71) 96725-2736,15,Espécie
Diego Oliveira,(71) 95634-2737,0,Não contribuiu
Carlos Almeida,(71) 91222-2738,0,Não contribuiu
Samuel Vieira,(71) 95956-2739,0,Não contribuiu
Samuel Gomes,(71) 92914-2740,60,Espécie
Lucas Silva,(71) 98858-2741,85,PIX
Samuel Melo,(71) 94436-2742,65,Espécie
Bruno Gomes,(71) 91557-2743,95,PIX
Daniel Barbosa,(71) 92406-2744,50,Espécie
Samuel Vieira,(71) 96116-2745,0,Não contribuiu
Rodrigo Melo,(71) 97243-2746,55,Espécie
Ana Carvalho,(71) 95445-2747,0,Não contribuiu
Samuel Dias,(71) 91287-2748,70,Espécie
William Lima,(71) 92925-2749,95,Espécie
Lucas Santos,(71) 96460-2750,35,Espécie
João Carvalho,(71) 97980-2751,0,Não contribuiu
Gustavo Barbosa,(71) 97064-2752,35,Espécie
Isabela Oliveira,(71) 93393-2753,90,Espécie
Ana Ferreira,(71) 97803-2754,100,PIX
Yasmin Vieira,(71) 99435-2755,55,Espécie
Camila Almeida,(71) 99716-2756,95,PIX
Diego Barbosa,(71) 96889-2757,35,PIX
Mateus Carvalho,(71) 96945-2758,80,PIX
Fernanda Carvalho,(71) 98288-2759,30,PIX
Camila Vieira,(71) 99496-2760,70,PIX
João Ramos,(71) 97324-2761,0,Não contribuiu
William Vieira,(71) 96947-2762,15,Espécie
Isabela Vieira,(71) 96088-2763,10,Espécie
Bruno Pereira,(71) 95023-2764,35,Espécie
Thiago Mendes,(71) 97615-2765,85,PIX
Ana Costa,(71) 93854-2766,0,Não contribuiu
Mateus Gomes,(71) 99213-2767,85,Espécie
Aline Costa,(71) 94152-2768,0,Não contribuiu
Camila Vieira,(71) 98016-2769,0,Não contribuiu
Renata Silva,(71) 95964-2770,20,Espécie
Juliana Pereira,(71) 95047-2771,40,PIX
Thiago Santos,(71) 98284-2772,0,Não contribuiu
Renata Almeida,(71) 94559-2773,0,Não contribuiu
João Barbosa,(71) 99283-2774,75,PIX
Gabriel Gomes,(71) 91241-2775,0,Não contribuiu
Daniel Gomes,(71) 91857-2776,0,Não contribuiu
Diego Costa,(71) 93119-2777,100,PIX
Victor Vieira,(71) 95280-2778,0,Não contribuiu
Aline Ferreira,(71) 97828-2779,15,Espécie
Aline Carvalho,(71) 99302-2780,15,PIX
Gabriel Ferreira,(71) 94205-2781,100,Espécie
Fábio Nascimento,(71) 98860-2782,30,PIX
Camila Barbosa,(71) 92076-2783,85,Espécie
Fábio Rocha,(71) 92632-2784,60,Espécie
Patrícia Lima,(71) 95939-2785,0,Não contribuiu
Fernanda Ribeiro,(71) 94935-2786,0,Não contribuiu
Fábio Ferreira,(71) 97168-2787,0,Não contribuiu
Sofia Nascimento,(71) 95604-2788,0,Não contribuiu
Larissa Mendes,(71) 93180-2789,30,Espécie
Fernanda Vieira,(71) 96203-2790,60,PIX
Juliana Vieira,(71) 92350-2791,60,Espécie
Beatriz Melo,(71) 93046-2792,25,Espécie
Victor Ramos,(71) 97521-2793,0,Não contribuiu
Yasmin Ramos,(71) 99120-2794,20,Espécie
Sofia Teixeira,(71) 92490-2795,35,PIX
Rafael Carvalho,(71) 96953-2796,0,Não contribuiu
Elaine Rocha,(71) 95302-2797,0,Não contribuiu
Marcelo Melo,(71) 99804-2798,25,PIX
Elaine Gomes,(71) 95853-2799,0,Não contribuiu
Gabriel Rocha,(71) 94744-2800,90,PIX
Thiago Mendes,(71) 94974-2801,35,PIX
Beatriz Lima,(71) 99302-2802,75,Espécie
Diego Carvalho,(71) 98231-2803,25,Espécie
Bruno Martins,(71) 96471-2804,95,Espécie
Vinícius Ribeiro,(71) 93644-2805,65,Espécie
Helena Barbosa,(71) 93372-2806,85,PIX
Carlos Costa,(71) 97441-2807,65,Espécie
Carlos Mendes,(71) 93657-2808,0,Não contribuiu
Yasmin Ribeiro,(71) 98089-2809,0,Não contribuiu
Marcelo Martins,(71) 91942-2810,70,Espécie
Lucas Almeida,(71) 95700-2811,0,Não contribuiu
Helena Vieira,(71) 91455-2812,50,Espécie
Aline Martins,(71) 95738-2813,15,Espécie
Ana Ramos,(71) 93594-2814,75,Espécie
Simone Pereira,(71) 99527-2815,0,Não contribuiu
Isabela Ribeiro,(71) 97293-2816,80,Espécie
João Melo,(71) 98982-2817,0,Não contribuiu
Samuel Nascimento,(71) 98489-2818,0,Não contribuiu
Fábio Carvalho,(71) 92697-2819,35,Espécie
Juliana Souza,(71) 95594-2820,45,PIX
Beatriz Mendes,(71) 94974-2821,20,Espécie
Fernanda Carvalho,(71) 98305-2822,20,Espécie
Natália Nascimento,(71) 91192-2823,35,Espécie
Diego Mendes,(71) 91614-2824,35,PIX
Marcelo Almeida,(71) 94606-2825,80,Espécie
Natália Nascimento,(71) 96669-2826,0,Não contribuiu
Fábio Ferreira,(71) 94359-2827,30,Espécie
Elaine Gomes,(71) 95615-2828,20,Espécie
Camila Teixeira,(71) 94542-2829,100,PIX
Gustavo Dias,(71) 98632-2830,0,Não contribuiu
Bruno Gomes,(71) 99645-2831,55,Espécie
Victor Mendes,(71) 93224-2832,0,Não contribuiu
Carlos Pereira,(71) 94841-2833,60,PIX
Elaine Vieira,(71) 98709-2834,45,PIX
Fernanda Silva,(71) 93978-2835,50,Espécie
Mariana Vieira,(71) 96570-2836,30,PIX
Larissa Melo,(71) 92111-2837,25,Espécie
Bruno Barbosa,(71) 97192-2838,0,Não contribuiu
Ana Gomes,(71) 97385-2839,95,PIX
Juliana Vieira,(71) 92456-2840,50,PIX
Renata Melo,(71) 92286-2841,80,Espécie
Juliana Lima,(71) 94597-2842,45,PIX
Fábio Ramos,(71) 98192-2843,100,PIX
Isabela Costa,(71) 98660-2844,35,Espécie
Patrícia Martins,(71) 91788-2845,100,Espécie
Fábio Nascimento,(71) 94362-2846,80,PIX
Rafael Lima,(71) 98219-2847,0,Não contribuiu
Mateus Ribeiro,(71) 92915-2848,75,Espécie
Larissa Pereira,(71) 92350-2849,10,Espécie
Vanessa Barbosa,(71) 95177-2850,0,Não contribuiu
Isabela Melo,(71) 93824-2851,25,Espécie
Samuel Teixeira,(71) 91128-2852,30,Espécie
Paulo Barbosa,(71) 93099-2853,0,Não contribuiu
Daniel Oliveira,(71) 98247-2854,30,Espécie
Fernanda Rocha,(71) 96841-2855,55,Espécie
Marcelo Dias,(71) 95835-2856,40,PIX
Victor Silva,(71) 92526-2857,95,Espécie
Elaine Oliveira,(71) 98399-2858,0,Não contribuiu
Fernanda Oliveira,(71) 93313-2859,75,Espécie
Samuel Costa,(71) 91836-2860,25,PIX
Larissa Vieira,(71) 99604-2861,55,PIX
Diego Melo,(71) 94304-2862,35,PIX
William Dias,(71) 91066-2863,70,PIX
Sofia Carvalho,(71) 91969-2864,75,PIX
Larissa Melo,(71) 91150-2865,0,Não contribuiu
Fábio Melo,(71) 97148-2866,70,PIX
Vanessa Martins,(71) 95785-2867,45,PIX
Marcelo Rocha,(71) 91102-2868,35,Espécie
Natália Rocha,(71) 95221-2869,55,PIX
Bruno Mendes,(71) 91775-2870,0,Não contribuiu
Fábio Moreira,(71) 92868-2871,95,Espécie
Mariana Lima,(71) 99806-2872,80,PIX
Rodrigo Gomes,(71) 98603-2873,35,Espécie
Larissa Melo,(71) 92063-2874,45,PIX
Natália Almeida,(71) 92429-2875,95,PIX
Paulo Melo,(71) 99659-2876,0,Não contribuiu
Vanessa Almeida,(71) 96404-2877,30,PIX
Rafael Vieira,(71) 96234-2878,35,Espécie
Fábio Martins,(71) 92822-2879,80,Espécie
Elaine Carvalho,(71) 92815-2880,0,Não contribuiu
Fábio Melo,(71) 97474-2881,75,PIX
Mariana Lima,(71) 97394-2882,60,PIX
Simone Barbosa,(71) 97062-2883,0,Não contribuiu
Yasmin Ribeiro,(71) 98906-2884,30,PIX
Vanessa Nascimento,(71) 92513-2885,55,PIX
Mariana Pereira,(71) 94896-2886,0,Não contribuiu
Mateus Silva,(71) 91006-2887,0,Não contribuiu
Patrícia Teixeira,(71) 98889-2888,0,Não contribuiu
Aline Rocha,(71) 96583-2889,0,Não contribuiu
Larissa Mendes,(71) 93441-2890,0,Não contribuiu
Rafael Gomes,(71) 93944-2891,0,Não contribuiu
Carlos Santos,(71) 97201-2892,55,PIX
Paulo Santos,(71) 97490-2893,0,Não contribuiu
João Vieira,(71) 98712-2894,0,Não contribuiu
Sofia Ramos,(71) 98318-2895,0,Não contribuiu
Fernanda Barbosa,(71) 91125-2896,70,PIX
Mateus Moreira,(71) 91583-2897,95,PIX
Sofia Ramos,(71) 92172-2898,50,PIX
Rodrigo Carvalho,(71) 99662-2899,100,PIX
Sofia Souza,(71) 97788-2900,25,Espécie
Isabela Almeida,(71) 94401-2901,0,Não contribuiu
Rafael Moreira,(71) 93952-2902,25,PIX
Yasmin Melo,(71) 96506-2903,0,Não contribuiu
Vinícius Martins,(71) 98346-2904,55,Espécie
Vinícius Almeida,(71) 97932-2905,0,Não contribuiu
Helena Vieira,(71) 98356-2906,0,Não contribuiu
Patrícia Carvalho,(71) 93228-2907,0,Não contribuiu
Lucas Costa,(71) 97089-2908,100,PIX
Fábio Santos,(71) 95918-2909,90,PIX
Sofia Vieira,(71) 96917-2910,10,PIX
Yasmin Gomes,(71) 96939-2911,70,Espécie
Daniel Gomes,(71) 92798-2912,0,Não contribuiu
Fábio Gomes,(71) 95206-2913,90,PIX
Paulo Santos,(71) 93726-2914,20,PIX
Renata Ribeiro,(71) 91757-2915,80,PIX
Marcelo Melo,(71) 96955-2916,35,PIX
Juliana Silva,(71) 92045-2917,65,Espécie
Fernanda Lima,(71) 93742-2918,65,Espécie
Daniel Teixeira,(71) 99366-2919,65,PIX
Thiago Carvalho,(71) 94275-2920,85,PIX
Renata Gomes,(71) 99722-2921,10,Espécie
Fábio Lima,(71) 92886-2922,0,Não contribuiu
Marcelo Ferreira,(71) 98104-2923,0,Não contribuiu
Victor Mendes,(71) 92806-2924,80,Espécie
Samuel Mendes,(71) 92002-2925,30,Espécie
Elaine Carvalho,(71) 95855-2926,95,PIX
Fábio Souza,(71) 91882-2927,60,PIX
Helena Moreira,(71) 97401-2928,80,Espécie
Victor Gomes,(71) 99561-2929,35,PIX
Beatriz Pereira,(71) 98193-2930,0,Não contribuiu
Carlos Oliveira,(71) 98775-2931,80,Espécie
Fábio Ribeiro,(71) 96554-2932,20,PIX
Sofia Gomes,(71) 98902-2933,85,PIX
Vanessa Oliveira,(71) 98947-2934,60,PIX
Marcelo Ribeiro,(71) 98490-2935,0,Não contribuiu
Natália Ferreira,(71) 96025-2936,0,Não contribuiu
Gustavo Lima,(71) 96944-2937,45,PIX
Marcelo Rocha,(71) 93930-2938,0,Não contribuiu
Mariana Santos,(71) 92766-2939,0,Não contribuiu
Victor Vieira,(71) 97459-2940,0,Não contribuiu
Elaine Costa,(71) 95856-2941,70,PIX
Camila Teixeira,(71) 93212-2942,90,PIX
Fernanda Costa,(71) 97877-2943,15,PIX
Rafael Oliveira,(71) 98683-2944,90,PIX
Eduardo Silva,(71) 92207-2945,90,PIX
Marcelo Dias,(71) 93211-2946,0,Não contribuiu
Victor Barbosa,(71) 93984-2947,80,PIX
Natália Almeida,(71) 93002-2948,65,Espécie
Mateus Barbosa,(71) 96860-2949,0,Não contribuiu
Renata Gomes,(71) 98514-2950,0,Não contribuiu
Paulo Nascimento,(71) 99430-2951,95,Espécie
Beatriz Lima,(71) 95920-2952,0,Não contribuiu
William Ribeiro,(71) 95106-2953,20,Espécie
Elaine Moreira,(71) 98428-2954,0,Não contribuiu
Daniel Rocha,(71) 98842-2955,25,PIX
Natália Dias,(71) 97721-2956,0,Não contribuiu
Mariana Pereira,(71) 95731-2957,65,Espécie
Eduardo Nascimento,(71) 97368-2958,75,Espécie
João Nascimento,(71) 99559-2959,80,Espécie
Renata Martins,(71) 95798-2960,85,Espécie
Thiago Melo,(71) 92183-2961,80,Espécie
Carlos Lima,(71) 97762-2962,0,Não contribuiu
Elaine Ribeiro,(71) 94860-2963,85,PIX
Juliana Ferreira,(71) 96958-2964,0,Não contribuiu
Juliana Costa,(71) 92763-2965,30,PIX
Patrícia Costa,(71) 96948-2966,0,Não contribuiu
Rodrigo Ribeiro,(71) 95203-2967,90,PIX
Thiago Lima,(71) 93723-2968,10,PIX
João Vieira,(71) 99991-2969,65,PIX
Yasmin Gomes,(71) 98567-2970,35,PIX
Rodrigo Barbosa,(71) 95306-2971,85,Espécie
Natália Mendes,(71) 97545-2972,80,Espécie
Samuel Dias,(71) 92756-2973,50,Espécie
Elaine Oliveira,(71) 97904-2974,15,Espécie
Renata Pereira,(71) 99490-2975,40,PIX
Natália Carvalho,(71) 92094-2976,65,Espécie
Rafael Martins,(71) 97980-2977,100,PIX
Gustavo Silva,(71) 94326-2978,0,Não contribuiu
Bruno Santos,(71) 96242-2979,90,PIX
Camila Moreira,(71) 91172-2980,85,Espécie
Elaine Barbosa,(71) 99087-2981,70,PIX
Patrícia Souza,(71) 99348-2982,15,PIX
Beatriz Nascimento,(71) 91224-2983,50,Espécie
Isabela Ferreira,(71) 92378-2984,10,Espécie
Natália Rocha,(71) 99878-2985,100,Espécie
Simone Martins,(71) 91915-2986,15,PIX
Aline Rocha,(71) 98074-2987,75,PIX
Lucas Santos,(71) 99497-2988,60,PIX
Yasmin Gomes,(71) 97938-2989,0,Não contribuiu
Marcelo Dias,(71) 95821-2990,0,Não contribuiu
Simone Rocha,(71) 91627-2991,90,PIX
Camila Pereira,(71) 95033-2992,80,Espécie
Gabriel Gomes,(71) 93257-2993,0,Não contribuiu
Renata Ferreira,(71) 92770-2994,10,Espécie
Vanessa Ramos,(71) 92790-2995,0,Não contribuiu
Camila Oliveira,(71) 97647-2996,50,Espécie
Samuel Nascimento,(71) 99962-2997,0,Não contribuiu
Yasmin Vieira,(71) 99116-2998,75,PIX
Fernanda Martins,(71) 92719-2999,10,PIX
Marcelo Oliveira,(71) 98038-3000,55,Espécie
Beatriz Costa,(71) 97245-3001,65,PIX
Marcelo Nascimento,(71) 98561-3002,100,Espécie
Aline Teixeira,(71) 99780-3003,75,Espécie
Carlos Martins,(71) 92091-3004,95,PIX
Mateus Dias,(71) 98864-3005,30,Espécie
Daniel Melo,(71) 99747-3006,100,PIX
Diego Dias,(71) 92716-3007,30,Espécie
Simone Silva,(71) 94636-3008,50,PIX
Beatriz Gomes,(71) 96857-3009,100,Espécie
Simone Gomes,(71) 91058-3010,0,Não contribuiu
Beatriz Santos,(71) 98201-3011,0,Não contribuiu
Vinícius Rocha,(71) 98072-3012,90,PIX
Daniel Martins,(71) 97468-3013,55,PIX
Mateus Oliveira,(71) 97282-3014,100,Espécie
Juliana Ramos,(71) 95784-3015,75,Espécie
Gustavo Teixeira,(71) 94504-3016,50,Espécie
Larissa Gomes,(71) 97944-3017,60,PIX
Daniel Costa,(71) 93594-3018,95,PIX
Camila Santos,(71) 95590-3019,75,Espécie
Ana Barbosa,(71) 92299-3020,90,Espécie
William Gomes,(71) 97872-3021,0,Não contribuiu
Eduardo Almeida,(71) 93159-3022,0,Não contribuiu
William Santos,(71) 97983-3023,30,Espécie
Marcelo Dias,(71) 92049-3024,90,PIX
Simone Costa,(71) 94405-3025,65,Espécie
Eduardo Costa,(71) 99254-3026,70,PIX
Renata Oliveira,(71) 96082-3027,95,PIX
Daniel Gomes,(71) 93024-3028,10,PIX
Carlos Ramos,(71) 95083-3029,0,Não contribuiu
Vanessa Oliveira,(71) 92436-3030,0,Não contribuiu
Samuel Ramos,(71) 98228-3031,85,Espécie
Vinícius Melo,(71) 93894-3032,100,Espécie
Eduardo Ferreira,(71) 99566-3033,0,Não contribuiu
Fernanda Souza,(71) 97395-3034,65,PIX
Elaine Rocha,(71) 93500-3035,40,Espécie
Helena Costa,(71) 99658-3036,15,Espécie
William Lima,(71) 91867-3037,0,Não contribuiu
Diego Mendes,(71) 94085-3038,0,Não contribuiu
Vanessa Moreira,(71) 93273-3039,25,Espécie
Aline Barbosa,(71) 99402-3040,70,Espécie
Beatriz Ramos,(71) 94494-3041,10,Espécie
Mariana Lima,(71) 96309-3042,50,PIX
Vinícius Santos,(71) 99035-3043,60,PIX
Camila Almeida,(71) 99961-3044,80,PIX
Gabriel Silva,(71) 99907-3045,0,Não contribuiu
Samuel Martins,(71) 95170-3046,90,Espécie
João Rocha,(71) 91125-3047,100,Espécie
Elaine Martins,(71) 92425-3048,30,PIX
Eduardo Oliveira,(71) 95529-3049,90,PIX
Diego Barbosa,(71) 93160-3050,0,Não contribuiu
Victor Lima,(71) 93545-3051,10,PIX
Rafael Melo,(71) 98333-3052,75,Espécie
Vanessa Dias,(71) 97806-3053,75,PIX
Samuel Pereira,(71) 94069-3054,85,PIX
Daniel Martins,(71) 96379-3055,70,Espécie
Elaine Vieira,(71) 99338-3056,80,PIX
Gabriel Carvalho,(71) 96786-3057,70,Espécie
Ana Lima,(71) 98742-3058,15,Espécie
Patrícia Mendes,(71) 96720-3059,90,Espécie
Lucas Ribeiro,(71) 91074-3060,50,Espécie
Patrícia Silva,(71) 95277-3061,100,Espécie
Aline Nascimento,(71) 96661-3062,45,PIX
Carlos Almeida,(71) 96128-3063,0,Não contribuiu
Diego Pereira,(71) 94356-3064,0,Não contribuiu
Marcelo Martins,(71) 92529-3065,90,PIX
Fábio Ramos,(71) 95714-3066,0,Não contribuiu
Ana Santos,(71) 93440-3067,0,Não contribuiu
Diego Mendes,(71) 95386-3068,85,PIX
Aline Oliveira,(71) 92785-3069,70,Espécie
Mariana Gomes,(71) 98106-3070,85,PIX
Rodrigo Oliveira,(71) 93249-3071,40,Espécie
Paulo Vieira,(71) 98243-3072,0,Não contribuiu
Fábio Dias,(71) 98787-3073,0,Não contribuiu
Daniel Barbosa,(71) 95385-3074,100,Espécie
Diego Ferreira,(71) 93752-3075,35,Espécie
Mariana Melo,(71) 94912-3076,45,Espécie
Lucas Dias,(71) 95445-3077,25,Espécie
Simone Nascimento,(71) 94706-3078,0,Não contribuiu
Larissa Mendes,(71) 98887-3079,30,Espécie
Sofia Oliveira,(71) 94198-3080,70,Espécie
Natália Teixeira,(71) 95337-3081,10,PIX
Lucas Carvalho,(71) 99519-3082,100,Espécie
Ana Santos,(71) 97169-3083,20,Espécie
Thiago Moreira,(71) 96087-3084,0,Não contribuiu
Beatriz Rocha,(71) 91219-3085,0,Não contribuiu
Diego Martins,(71) 98677-3086,40,Espécie
Victor Ferreira,(71) 94162-3087,80,PIX
Rafael Carvalho,(71) 95202-3088,90,Espécie
Lucas Lima,(71) 99268-3089,0,Não contribuiu
Sofia Almeida,(71) 98316-3090,0,Não contribuiu
Mariana Ferreira,(71) 96181-3091,80,Espécie
Samuel Teixeira,(71) 99830-3092,75,PIX
Gabriel Ribeiro,(71) 92268-3093,0,Não contribuiu
William Gomes,(71) 94507-3094,15,Espécie
Juliana Teixeira,(71) 99705-3095,40,PIX
Juliana Gomes,(71) 98100-3096,0,Não contribuiu
Paulo Gomes,(71) 92130-3097,0,Não contribuiu
Lucas Pereira,(71) 99859-3098,0,Não contribuiu
Eduardo Dias,(71) 98666-3099,100,Espécie
Isabela Ribeiro,(71) 91404-3100,55,PIX
Ana Rocha,(71) 93517-3101,85,PIX
Renata Barbosa,(71) 97364-3102,45,PIX
Juliana Ribeiro,(71) 92047-3103,85,Espécie
Mateus Teixeira,(71) 97084-3104,0,Não contribuiu
Marcelo Lima,(71) 94173-3105,0,Não contribuiu
Carlos Carvalho,(71) 93522-3106,95,PIX
Lucas Carvalho,(71) 95165-3107,70,PIX
Simone Silva,(71) 92357-3108,90,Espécie
Fernanda Dias,(71) 91442-3109,50,Espécie
Patrícia Rocha,(71) 98950-3110,85,PIX
Mariana Melo,(71) 92934-3111,35,PIX
William Vieira,(71) 95268-3112,0,Não contribuiu
Vanessa Souza,(71) 92543-3113,100,PIX
Lucas Barbosa,(71) 96069-3114,55,PIX
William Barbosa,(71) 92366-3115,100,PIX
Diego Santos,(71) 98859-3116,100,PIX
Beatriz Souza,(71) 91224-3117,75,Espécie
Marcelo Oliveira,(71) 96081-3118,50,PIX
Marcelo Nascimento,(71) 99835-3119,0,Não contribuiu
Fábio Nascimento,(71) 98363-3120,80,PIX
Paulo Mendes,(71) 98875-3121,0,Não contribuiu
Helena Souza,(71) 97477-3122,25,PIX
Carlos Barbosa,(71) 91468-3123,10,PIX
Victor Almeida,(71) 94497-3124,40,PIX
Gabriel Almeida,(71) 99678-3125,50,PIX
Rodrigo Silva,(71) 95993-3126,40,Espécie
Victor Silva,(71) 97652-3127,60,Espécie
William Ferreira,(71) 95597-3128,55,PIX
Samuel Almeida,(71) 97130-3129,85,Espécie
Eduardo Pereira,(71) 95698-3130,20,PIX
Fernanda Ferreira,(71) 91892-3131,45,PIX
Victor Teixeira,(71) 94496-3132,0,Não contribuiu
Beatriz Carvalho,(71) 93805-3133,15,Espécie
Fernanda Carvalho,(71) 98627-3134,95,Espécie
Simone Teixeira,(71) 98094-3135,55,Espécie
Lucas Lima,(71) 93842-3136,0,Não contribuiu
Gustavo Gomes,(71) 94888-3137,0,Não contribuiu
Gustavo Carvalho,(71) 95613-3138,30,Espécie
Gabriel Ferreira,(71) 98080-3139,40,PIX
Patrícia Barbosa,(71) 94237-3140,0,Não contribuiu
Juliana Costa,(71) 92112-3141,0,Não contribuiu
Gabriel Oliveira,(71) 94625-3142,100,PIX
Samuel Lima,(71) 92209-3143,75,PIX
Natália Pereira,(71) 94502-3144,0,Não contribuiu
Renata Mendes,(71) 96729-3145,15,PIX
Victor Nascimento,(71) 92502-3146,75,PIX
Paulo Dias,(71) 93881-3147,10,PIX
Beatriz Melo,(71) 98304-3148,0,Não contribuiu
Simone Silva,(71) 98595-3149,100,Espécie
Samuel Ribeiro,(71) 96455-3150,75,PIX
João Dias,(71) 91534-3151,90,Espécie
Eduardo Melo,(71) 95191-3152,30,PIX
Vanessa Santos,(71) 92322-3153,70,Espécie
Camila Vieira,(71) 91377-3154,10,PIX
Patrícia Ferreira,(71) 99855-3155,95,Espécie
Fábio Mendes,(71) 91128-3156,0,Não contribuiu
Simone Nascimento,(71) 94760-3157,0,Não contribuiu
Fábio Rocha,(71) 98243-3158,0,Não contribuiu
Fábio Souza,(71) 96648-3159,85,PIX
Fábio Silva,(71) 95103-3160,10,PIX
Sofia Silva,(71) 95889-3161,65,PIX
Fábio Nascimento,(71) 95034-3162,100,PIX
Fernanda Dias,(71) 95035-3163,0,Não contribuiu
Yasmin Silva,(71) 94672-3164,95,PIX
Thiago Mendes,(71) 92733-3165,80,Espécie
Renata Nascimento,(71) 93775-3166,25,Espécie
Gustavo Ferreira,(71) 95988-3167,0,Não contribuiu
Vinícius Vieira,(71) 93268-3168,70,PIX
Patrícia Ferreira,(71) 99850-3169,0,Não contribuiu
Simone Teixeira,(71) 94057-3170,40,Espécie
Mateus Rocha,(71) 93819-3171,0,Não contribuiu
Elaine Moreira,(71) 96316-3172,90,PIX
Thiago Costa,(71) 98130-3173,0,Não contribuiu
Fernanda Gomes,(71) 95956-3174,90,PIX
Juliana Moreira,(71) 97069-3175,25,PIX
Fábio Ferreira,(71) 95699-3176,35,PIX
Fábio Lima,(71) 95093-3177,0,Não contribuiu
João Ribeiro,(71) 91863-3178,95,Espécie
Thiago Dias,(71) 94702-3179,65,PIX
Rodrigo Pereira,(71) 91371-3180,60,Espécie
Lucas Teixeira,(71) 97826-3181,40,PIX
Renata Gomes,(71) 93137-3182,35,PIX
Diego Pereira,(71) 92379-3183,100,Espécie
Natália Gomes,(71) 98428-3184,55,Espécie
Paulo Ribeiro,(71) 98380-3185,90,Espécie
Eduardo Barbosa,(71) 93924-3186,0,Não contribuiu
Isabela Nascimento,(71) 99844-3187,75,Espécie
Bruno Vieira,(71) 99866-3188,55,PIX
Isabela Moreira,(71) 92653-3189,25,PIX
Camila Rocha,(71) 95771-3190,0,Não contribuiu
Beatriz Martins,(71) 91662-3191,65,PIX
Gabriel Silva,(71) 98616-3192,50,PIX
Yasmin Carvalho,(71) 92660-3193,70,PIX
Helena Moreira,(71) 94341-3194,0,Não contribuiu
Ana Teixeira,(71) 94301-3195,100,PIX
Patrícia Teixeira,(71) 91595-3196,70,PIX
Gabriel Lima,(71) 97805-3197,50,PIX
William Mendes,(71) 96215-3198,0,Não contribuiu
Carlos Nascimento,(71) 97027-3199,0,Não contribuiu
Ana Santos,(71) 91402-3200,55,PIX
Isabela Carvalho,(71) 99447-3201,80,Espécie
Mariana Rocha,(71) 91476-3202,0,Não contribuiu
Larissa Silva,(71) 91871-3203,10,Espécie
João Souza,(71) 94355-3204,20,Espécie
Vinícius Ferreira,(71) 92051-3205,40,Espécie
Gustavo Vieira,(71) 94507-3206,20,Espécie
Carlos Ferreira,(71) 91846-3207,0,Não contribuiu
Rafael Ramos,(71) 92382-3208,100,Espécie
Lucas Nascimento,(71) 98599-3209,60,Espécie
Rodrigo Vieira,(71) 99263-3210,25,Espécie
Thiago Ribeiro,(71) 97495-3211,70,PIX
Fábio Ribeiro,(71) 92843-3212,55,Espécie
Sofia Pereira,(71) 91914-3213,85,Espécie
Paulo Gomes,(71) 99895-3214,60,PIX
João Teixeira,(71) 93764-3215,20,Espécie
Victor Almeida,(71) 99299-3216,0,Não contribuiu
Beatriz Mendes,(71) 91221-3217,0,Não contribuiu
Rodrigo Costa,(71) 98621-3218,85,PIX
Fernanda Almeida,(71) 95393-3219,90,Espécie
Rodrigo Ribeiro,(71) 98699-3220,75,PIX
Simone Ferreira,(71) 96356-3221,0,Não contribuiu
Lucas Ramos,(71) 98765-3222,0,Não contribuiu
Isabela Ramos,(71) 92320-3223,0,Não contribuiu
Marcelo Souza,(71) 91873-3224,95,PIX
Marcelo Ramos,(71) 98467-3225,25,Espécie
Renata Martins,(71) 94104-3226,100,Espécie
Lucas Nascimento,(71) 97809-3227,0,Não contribuiu
Daniel Carvalho,(71) 94931-3228,0,Não contribuiu
Elaine Moreira,(71) 95637-3229,85,PIX
Gustavo Oliveira,(71) 92900-3230,80,PIX
Samuel Rocha,(71) 94128-3231,90,PIX
Marcelo Moreira,(71) 99375-3232,0,Não contribuiu
Gabriel Ramos,(71) 99410-3233,0,Não contribuiu
João Costa,(71) 91813-3234,0,Não contribuiu
Gabriel Souza,(71) 97527-3235,45,PIX
Paulo Costa,(71) 96188-3236,35,Espécie
William Gomes,(71) 97573-3237,0,Não contribuiu
Helena Melo,(71) 91402-3238,0,Não contribuiu
Sofia Melo,(71) 95913-3239,85,Espécie
Daniel Melo,(71) 99937-3240,50,Espécie
Helena Pereira,(71) 99246-3241,60,PIX
Juliana Moreira,(71) 92529-3242,30,PIX
Fábio Silva,(71) 92883-3243,0,Não contribuiu
Elaine Moreira,(71) 94136-3244,70,PIX
Gustavo Carvalho,(71) 92010-3245,75,PIX
Vanessa Costa,(71) 95606-3246,25,Espécie
Paulo Ferreira,(71) 93439-3247,0,Não contribuiu
Samuel Melo,(71) 92213-3248,0,Não contribuiu
Juliana Santos,(71) 93476-3249,30,Espécie
Rodrigo Martins,(71) 99088-3250,65,PIX
Larissa Costa,(71) 92171-3251,0,Não contribuiu
Natália Ferreira,(71) 92894-3252,80,Espécie
Marcelo Barbosa,(71) 95109-3253,20,PIX
Rodrigo Moreira,(71) 99101-3254,45,Espécie
Diego Silva,(71) 97950-3255,0,Não contribuiu
Patrícia Moreira,(71) 92434-3256,65,Espécie
Vanessa Ferreira,(71) 99548-3257,85,PIX
Simone Dias,(71) 93607-3258,35,Espécie
Marcelo Gomes,(71) 93016-3259,40,PIX
Renata Ramos,(71) 91283-3260,55,Espécie
Mariana Silva,(71) 94799-3261,25,PIX
Mateus Nascimento,(71) 92388-3262,70,Espécie
Diego Ferreira,(71) 93292-3263,0,Não contribuiu
Gustavo Gomes,(71) 99891-3264,65,PIX
Vinícius Moreira,(71) 98512-3265,25,PIX
Bruno Melo,(71) 95017-3266,0,Não contribuiu
Marcelo Mendes,(71) 97533-3267,0,Não contribuiu
Sofia Costa,(71) 97882-3268,100,Espécie
Paulo Costa,(71) 93635-3269,90,Espécie
Diego Melo,(71) 98911-3270,0,Não contribuiu
Patrícia Carvalho,(71) 98555-3271,15,Espécie
Fábio Teixeira,(71) 98809-3272,10,PIX
Helena Ramos,(71) 91502-3273,10,PIX
Vanessa Moreira,(71) 92440-3274,65,PIX
Samuel Carvalho,(71) 94040-3275,0,Não contribuiu
Aline Teixeira,(71) 93549-3276,80,Espécie
Helena Carvalho,(71) 91180-3277,45,PIX
Aline Nascimento,(71) 94601-3278,75,Espécie
Carlos Silva,(71) 95791-3279,0,Não contribuiu
William Ribeiro,(71) 94367-3280,65,Espécie
Fábio Lima,(71) 91676-3281,85,Espécie
Fernanda Ramos,(71) 91848-3282,10,Espécie
Gustavo Moreira,(71) 93961-3283,30,PIX
Helena Pereira,(71) 95660-3284,95,Espécie
Fernanda Costa,(71) 91532-3285,0,Não contribuiu
Vanessa Santos,(71) 95797-3286,70,Espécie
João Santos,(71) 91132-3287,90,PIX
Rafael Almeida,(71) 91692-3288,95,Espécie
Diego Lima,(71) 92094-3289,0,Não contribuiu
Gabriel Santos,(71) 98203-3290,55,Espécie
Elaine Melo,(71) 94696-3291,0,Não contribuiu
Mateus Oliveira,(71) 93699-3292,25,Espécie
Diego Silva,(71) 94211-3293,20,PIX
Beatriz Silva,(71) 96138-3294,20,Espécie
Diego Ferreira,(71) 98961-3295,40,PIX
Daniel Gomes,(71) 97310-3296,100,Espécie
Paulo Teixeira,(71) 91770-3297,0,Não contribuiu
Beatriz Pereira,(71) 96657-3298,85,Espécie
Daniel Ramos,(71) 93430-3299,35,Espécie
Rafael Oliveira,(71) 92897-3300,80,PIX
Rodrigo Ribeiro,(71) 93676-3301,0,Não contribuiu
Victor Silva,(71) 94809-3302,40,Espécie
Vanessa Barbosa,(71) 91050-3303,30,Espécie
Fernanda Pereira,(71) 91877-3304,0,Não contribuiu
Carlos Souza,(71) 97152-3305,0,Não contribuiu
Aline Oliveira,(71) 99807-3306,0,Não contribuiu
Carlos Carvalho,(71) 91569-3307,60,Espécie
Samuel Vieira,(71) 94289-3308,100,Espécie
Lucas Lima,(71) 91156-3309,50,Espécie
Eduardo Pereira,(71) 95333-3310,65,PIX
Daniel Ramos,(71) 98583-3311,50,PIX
Victor Martins,(71) 94792-3312,10,Espécie
Natália Teixeira,(71) 96968-3313,80,PIX
Bruno Nascimento,(71) 98683-3314,50,Espécie
Aline Souza,(71) 95555-3315,15,Espécie
Samuel Silva,(71) 99380-3316,85,Espécie
Vanessa Ferreira,(71) 94184-3317,90,Espécie
Aline Ferreira,(71) 99085-3318,35,PIX
Bruno Costa,(71) 95295-3319,70,PIX
Renata Mendes,(71) 93127-3320,0,Não contribuiu
Helena Ramos,(71) 94538-3321,60,PIX
Yasmin Oliveira,(71) 93548-3322,0,Não contribuiu
Natália Vieira,(71) 95880-3323,0,Não contribuiu
Juliana Martins,(71) 96551-3324,55,PIX
Yasmin Mendes,(71) 94986-3325,75,Espécie
Aline Costa,(71) 97754-3326,20,Espécie
Aline Ferreira,(71) 96875-3327,0,Não contribuiu
Rodrigo Santos,(71) 92462-3328,40,Espécie
Marcelo Almeida,(71) 93767-3329,0,Não contribuiu
Fábio Lima,(71) 93709-3330,75,Espécie
Bruno Teixeira,(71) 96428-3331,40,Espécie
Diego Pereira,(71) 92655-3332,40,PIX
Rodrigo Almeida,(71) 94237-3333,0,Não contribuiu
Natália Martins,(71) 95058-3334,10,PIX
Sofia Dias,(71) 96718-3335,25,Espécie
Aline Ribeiro,(71) 98338-3336,0,Não contribuiu
Carlos Ribeiro,(71) 92371-3337,0,Não contribuiu
Mateus Carvalho,(71) 94596-3338,30,PIX
Fábio Moreira,(71) 97952-3339,95,Espécie
Paulo Oliveira,(71) 94811-3340,0,Não contribuiu
Vinícius Carvalho,(71) 91435-3341,0,Não contribuiu
Rodrigo Ramos,(71) 95177-3342,85,PIX
Camila Barbosa,(71) 94745-3343,45,Espécie
Paulo Oliveira,(71) 97664-3344,30,PIX
Fábio Pereira,(71) 94601-3345,0,Não contribuiu
Rafael Carvalho,(71) 91066-3346,0,Não contribuiu
Carlos Dias,(71) 99317-3347,25,Espécie
Diego Teixeira,(71) 93991-3348,0,Não contribuiu
Camila Teixeira,(71) 98199-3349,0,Não contribuiu
Larissa Moreira,(71) 97841-3350,0,Não contribuiu
Mariana Oliveira,(71) 97377-3351,0,Não contribuiu
Vanessa Dias,(71) 92903-3352,100,Espécie
Gustavo Melo,(71) 99666-3353,55,PIX
Lucas Melo,(71) 93770-3354,30,Espécie
Aline Lima,(71) 93672-3355,25,PIX
Renata Melo,(71) 99465-3356,0,Não contribuiu
Helena Oliveira,(71) 97737-3357,0,Não contribuiu
Victor Pereira,(71) 92235-3358,90,PIX
William Nascimento,(71) 92490-3359,35,Espécie
Helena Mendes,(71) 98641-3360,0,Não contribuiu
Natália Oliveira,(71) 94937-3361,30,Espécie
Mateus Mendes,(71) 96512-3362,60,PIX
Samuel Silva,(71) 92423-3363,65,Espécie
Eduardo Moreira,(71) 97559-3364,45,Espécie
Victor Silva,(71) 91049-3365,0,Não contribuiu
Sofia Ramos,(71) 94203-3366,90,PIX
Natália Mendes,(71) 92674-3367,85,PIX
Rodrigo Moreira,(71) 91850-3368,35,Espécie
Renata Mendes,(71) 98078-3369,95,Espécie
Samuel Ferreira,(71) 95192-3370,100,PIX
Camila Carvalho,(71) 94868-3371,50,Espécie
Diego Souza,(71) 93088-3372,95,PIX
Gabriel Souza,(71) 96572-3373,0,Não contribuiu
Paulo Pereira,(71) 93709-3374,95,PIX
Victor Carvalho,(71) 98993-3375,0,Não contribuiu
Lucas Martins,(71) 97248-3376,45,Espécie
William Barbosa,(71) 97684-3377,20,PIX
Renata Pereira,(71) 95183-3378,40,PIX
Vinícius Rocha,(71) 92487-3379,90,Espécie
Vinícius Pereira,(71) 97176-3380,0,Não contribuiu
Renata Pereira,(71) 96218-3381,0,Não contribuiu
Paulo Lima,(71) 99359-3382,85,Espécie
Ana Barbosa,(71) 98031-3383,50,Espécie
Isabela Melo,(71) 96928-3384,10,Espécie
Camila Costa,(71) 94210-3385,50,Espécie
Thiago Carvalho,(71) 98418-3386,0,Não contribuiu
Ana Ramos,(71) 92528-3387,70,Espécie
João Ramos,(71) 94607-3388,0,Não contribuiu
Natália Mendes,(71) 97809-3389,40,Espécie
Camila Almeida,(71) 97125-3390,0,Não contribuiu
Renata Vieira,(71) 92278-3391,0,Não contribuiu
Aline Oliveira,(71) 94965-3392,55,PIX
Paulo Nascimento,(71) 96362-3393,35,Espécie
Fernanda Souza,(71) 92354-3394,35,Espécie
Vinícius Dias,(71) 98487-3395,50,PIX
Paulo Rocha,(71) 94963-3396,70,PIX
Fábio Almeida,(71) 98110-3397,85,PIX
Paulo Silva,(71) 98699-3398,0,Não contribuiu
Samuel Souza,(71) 94668-3399,0,Não contribuiu
Fernanda Mendes,(71) 97178-3400,15,PIX
Renata Almeida,(71) 93633-3401,0,Não contribuiu
Samuel Mendes,(71) 96704-3402,15,Espécie
Carlos Mendes,(71) 97892-3403,35,PIX
Victor Vieira,(71) 96975-3404,45,Espécie
Paulo Silva,(71) 98519-3405,45,Espécie
Eduardo Martins,(71) 97794-3406,35,PIX
Natália Barbosa,(71) 92658-3407,60,PIX
Gustavo Martins,(71) 95025-3408,80,Espécie
Vinícius Rocha,(71) 97401-3409,10,Espécie
Marcelo Carvalho,(71) 95533-3410,0,Não contribuiu
Patrícia Ribeiro,(71) 99126-3411,45,Espécie
Bruno Lima,(71) 97742-3412,35,Espécie
Juliana Ferreira,(71) 98070-3413,75,Espécie
Rafael Oliveira,(71) 91900-3414,40,Espécie
Larissa Gomes,(71) 99086-3415,45,PIX
Carlos Nascimento,(71) 92403-3416,75,Espécie
Carlos Martins,(71) 97228-3417,45,PIX
Samuel Melo,(71) 93028-3418,95,Espécie
Bruno Ramos,(71) 91261-3419,40,Espécie
Bruno Gomes,(71) 96033-3420,15,PIX
Simone Ramos,(71) 98630-3421,35,PIX
Elaine Pereira,(71) 93847-3422,25,PIX
Paulo Silva,(71) 93997-3423,90,PIX
João Carvalho,(71) 93221-3424,95,PIX
Rodrigo Souza,(71) 91864-3425,0,Não contribuiu
Samuel Melo,(71) 93101-3426,0,Não contribuiu
Aline Martins,(71) 92327-3427,70,PIX
Beatriz Souza,(71) 95914-3428,30,PIX
Simone Lima,(71) 98983-3429,0,Não contribuiu
Eduardo Vieira,(71) 97231-3430,90,PIX
William Barbosa,(71) 96044-3431,0,Não contribuiu
Mariana Martins,(71) 91883-3432,55,Espécie
Beatriz Vieira,(71) 96828-3433,20,Espécie
Vanessa Martins,(71) 93352-3434,90,PIX
Lucas Vieira,(71) 93223-3435,50,Espécie
Ana Gomes,(71) 96825-3436,0,Não contribuiu
Vanessa Teixeira,(71) 95067-3437,45,Espécie
Rodrigo Teixeira,(71) 97629-3438,0,Não contribuiu
Yasmin Silva,(71) 95220-3439,40,PIX
Rodrigo Santos,(71) 94263-3440,50,Espécie
Samuel Moreira,(71) 91230-3441,65,PIX
Fábio Dias,(71) 97319-3442,90,Espécie
Larissa Lima,(71) 93093-3443,95,Espécie
Renata Melo,(71) 96235-3444,60,PIX
Paulo Lima,(71) 91220-3445,0,Não contribuiu
Eduardo Moreira,(71) 99271-3446,10,PIX
Renata Lima,(71) 92660-3447,0,Não contribuiu
Gustavo Pereira,(71) 95807-3448,0,Não contribuiu
Camila Dias,(71) 96975-3449,10,Espécie
Aline Vieira,(71) 91978-3450,100,Espécie
Natália Costa,(71) 97760-3451,0,Não contribuiu
Fernanda Rocha,(71) 98118-3452,20,Espécie
Lucas Ribeiro,(71) 97456-3453,0,Não contribuiu
Natália Vieira,(71) 96636-3454,0,Não contribuiu
Marcelo Almeida,(71) 94147-3455,55,Espécie
Fernanda Oliveira,(71) 96913-3456,95,Espécie
Bruno Nascimento,(71) 93862-3457,60,Espécie
Eduardo Barbosa,(71) 92954-3458,0,Não contribuiu
Eduardo Martins,(71) 91929-3459,0,Não contribuiu
Fábio Ribeiro,(71) 96911-3460,0,Não contribuiu
Beatriz Melo,(71) 98469-3461,45,PIX
Diego Carvalho,(71) 92125-3462,50,PIX
Gustavo Melo,(71) 95201-3463,20,Espécie
Larissa Costa,(71) 91499-3464,30,Espécie
Mariana Nascimento,(71) 92810-3465,90,Espécie
Gabriel Vieira,(71) 92576-3466,40,PIX
Patrícia Gomes,(71) 99831-3467,90,PIX
William Melo,(71) 93394-3468,0,Não contribuiu
Paulo Teixeira,(71) 98539-3469,30,PIX
Diego Vieira,(71) 94601-3470,35,Espécie
Gabriel Vieira,(71) 91539-3471,0,Não contribuiu
Fábio Vieira,(71) 99143-3472,15,PIX
Samuel Almeida,(71) 94730-3473,0,Não contribuiu
Natália Rocha,(71) 99179-3474,80,Espécie
Renata Martins,(71) 97446-3475,75,Espécie
Mateus Carvalho,(71) 97938-3476,35,PIX
Gustavo Martins,(71) 94353-3477,0,Não contribuiu
Renata Lima,(71) 94351-3478,35,PIX
Rafael Barbosa,(71) 92913-3479,10,PIX
Gabriel Ribeiro,(71) 96910-3480,45,PIX
Patrícia Dias,(71) 97743-3481,0,Não contribuiu
Elaine Costa,(71) 98438-3482,0,Não contribuiu
Daniel Rocha,(71) 92077-3483,40,Espécie
Paulo Mendes,(71) 92185-3484,10,Espécie
Isabela Silva,(71) 99144-3485,95,Espécie
Samuel Teixeira,(71) 96200-3486,0,Não contribuiu
Beatriz Ramos,(71) 93844-3487,35,PIX
Fernanda Vieira,(71) 96563-3488,15,PIX
Beatriz Barbosa,(71) 92315-3489,60,Espécie
Mateus Ferreira,(71) 98490-3490,10,PIX
Paulo Costa,(71) 91364-3491,0,Não contribuiu
Gabriel Vieira,(71) 94706-3492,80,PIX
Renata Dias,(71) 94265-3493,0,Não contribuiu
Fábio Ramos,(71) 95256-3494,25,Espécie
Elaine Gomes,(71) 98669-3495,0,Não contribuiu
Camila Oliveira,(71) 99860-3496,55,PIX
Ana Santos,(71) 91927-3497,85,Espécie
Daniel Gomes,(71) 96626-3498,20,PIX
Rafael Moreira,(71) 98917-3499,95,Espécie
Carlos Vieira,(71) 99447-3500,20,PIX
Rodrigo Barbosa,(71) 97615-3501,20,PIX
Thiago Ramos,(71) 95026-3502,30,PIX
Vinícius Oliveira,(71) 97081-3503,70,Espécie
Carlos Teixeira,(71) 93511-3504,0,Não contribuiu
Fernanda Oliveira,(71) 93196-3505,55,Espécie
Rafael Vieira,(71) 96782-3506,0,Não contribuiu
Eduardo Souza,(71) 92577-3507,100,PIX
Yasmin Dias,(71) 91746-3508,70,Espécie
Beatriz Nascimento,(71) 97659-3509,75,Espécie
Victor Vieira,(71) 93085-3510,0,Não contribuiu
Gabriel Ribeiro,(71) 97316-3511,90,Espécie
Gabriel Costa,(71) 99859-3512,0,Não contribuiu
Sofia Ferreira,(71) 99012-3513,10,PIX
Samuel Gomes,(71) 93664-3514,85,Espécie
Sofia Ferreira,(71) 93770-3515,60,PIX
Carlos Ribeiro,(71) 98349-3516,0,Não contribuiu
Thiago Carvalho,(71) 92209-3517,0,Não contribuiu
Helena Santos,(71) 99529-3518,0,Não contribuiu
William Ramos,(71) 94049-3519,45,PIX
Bruno Melo,(71) 98773-3520,0,Não contribuiu
Lucas Almeida,(71) 96539-3521,40,PIX
Samuel Barbosa,(71) 99081-3522,40,Espécie
William Ferreira,(71) 96764-3523,50,Espécie
Fernanda Gomes,(71) 95478-3524,25,Espécie
Gustavo Ribeiro,(71) 93880-3525,25,Espécie
William Melo,(71) 93046-3526,0,Não contribuiu
Gabriel Rocha,(71) 95211-3527,10,Espécie
Patrícia Mendes,(71) 98448-3528,0,Não contribuiu
Natália Costa,(71) 91556-3529,100,PIX
Samuel Teixeira,(71) 91722-3530,55,PIX
Fábio Pereira,(71) 96675-3531,40,PIX
Rodrigo Almeida,(71) 99599-3532,35,Espécie
Elaine Lima,(71) 91990-3533,75,PIX
Natália Almeida,(71) 97100-3534,70,PIX
Lucas Santos,(71) 98264-3535,60,PIX
Thiago Melo,(71) 97037-3536,0,Não contribuiu
Yasmin Oliveira,(71) 99540-3537,20,Espécie
Beatriz Moreira,(71) 93838-3538,70,Espécie
Larissa Oliveira,(71) 94683-3539,0,Não contribuiu
Fábio Dias,(71) 93483-3540,70,Espécie
Fernanda Nascimento,(71) 95819-3541,0,Não contribuiu
Aline Ramos,(71) 95502-3542,60,Espécie
Camila Almeida,(71) 91549-3543,100,Espécie
Simone Rocha,(71) 97189-3544,0,Não contribuiu
Rafael Costa,(71) 96283-3545,15,Espécie
William Santos,(71) 96222-3546,45,PIX
Paulo Ramos,(71) 93185-3547,0,Não contribuiu
Isabela Barbosa,(71) 95136-3548,65,PIX
João Pereira,(71) 93538-3549,70,Espécie
Aline Gomes,(71) 96375-3550,55,Espécie
Ana Pereira,(71) 96313-3551,65,PIX
Beatriz Martins,(71) 98740-3552,0,Não contribuiu
Ana Pereira,(71) 98004-3553,90,PIX
Sofia Souza,(71) 94318-3554,90,Espécie
Mariana Gomes,(71) 94446-3555,35,PIX
Vinícius Souza,(71) 95048-3556,0,Não contribuiu
Helena Dias,(71) 97063-3557,60,PIX
Larissa Oliveira,(71) 97837-3558,50,Espécie
Marcelo Teixeira,(71) 97923-3559,90,Espécie
Carlos Almeida,(71) 96016-3560,80,PIX
William Oliveira,(71) 97138-3561,40,PIX
Mariana Pereira,(71) 93474-3562,45,Espécie
Patrícia Santos,(71) 95966-3563,85,PIX
Mateus Dias,(71) 91917-3564,60,Espécie
Juliana Souza,(71) 94612-3565,30,Espécie
Bruno Vieira,(71) 94789-3566,15,Espécie
Camila Gomes,(71) 95839-3567,0,Não contribuiu
Aline Melo,(71) 93754-3568,50,Espécie
Diego Dias,(71) 94999-3569,25,Espécie
Camila Nascimento,(71) 91158-3570,10,PIX
Natália Gomes,(71) 91926-3571,80,PIX
Lucas Dias,(71) 93062-3572,0,Não contribuiu
Mariana Ribeiro,(71) 93243-3573,0,Não contribuiu
Yasmin Carvalho,(71) 95185-3574,90,PIX
William Teixeira,(71) 92168-3575,0,Não contribuiu
Sofia Teixeira,(71) 93429-3576,40,Espécie
Daniel Gomes,(71) 94585-3577,100,Espécie
Daniel Oliveira,(71) 98030-3578,0,Não contribuiu
Vanessa Ribeiro,(71) 91442-3579,80,PIX
Carlos Ferreira,(71) 93977-3580,80,Espécie
Larissa Ferreira,(71) 93687-3581,0,Não contribuiu
Victor Oliveira,(71) 99417-3582,0,Não contribuiu
Natália Moreira,(71) 92483-3583,95,PIX
Paulo Silva,(71) 92895-3584,70,PIX
Samuel Vieira,(71) 93261-3585,100,PIX
Sofia Mendes,(71) 93101-3586,50,PIX
Mariana Carvalho,(71) 93913-3587,15,Espécie
Marcelo Almeida,(71) 99332-3588,20,Espécie
Mateus Vieira,(71) 97342-3589,45,Espécie
Diego Melo,(71) 99026-3590,75,Espécie
Daniel Melo,(71) 92313-3591,40,PIX
Elaine Costa,(71) 99134-3592,0,Não contribuiu
Ana Nascimento,(71) 96044-3593,70,PIX
Fábio Vieira,(71) 95761-3594,10,Espécie
Mariana Moreira,(71) 97693-3595,70,PIX
Daniel Martins,(71) 97276-3596,50,Espécie
Isabela Dias,(71) 96485-3597,30,PIX
Ana Costa,(71) 91613-3598,30,PIX
Camila Vieira,(71) 96674-3599,20,Espécie
Beatriz Almeida,(71) 97691-3600,30,PIX
Vanessa Ferreira,(71) 93108-3601,0,Não contribuiu
Larissa Martins,(71) 94166-3602,10,Espécie
Fernanda Teixeira,(71) 94102-3603,10,PIX
Thiago Barbosa,(71) 96724-3604,30,PIX
Larissa Gomes,(71) 97215-3605,30,PIX
Diego Ribeiro,(71) 92974-3606,20,Espécie
João Lima,(71) 91529-3607,50,PIX
Bruno Ferreira,(71) 93271-3608,0,Não contribuiu
Juliana Moreira,(71) 97820-3609,40,Espécie
Mateus Dias,(71) 93392-3610,75,Espécie
Yasmin Rocha,(71) 95968-3611,80,Espécie
João Teixeira,(71) 94108-3612,50,PIX
Fábio Teixeira,(71) 98426-3613,45,Espécie
Marcelo Santos,(71) 96688-3614,95,PIX
Natália Gomes,(71) 98018-3615,60,PIX
Fábio Nascimento,(71) 93267-3616,0,Não contribuiu
Camila Santos,(71) 91552-3617,70,Espécie
Aline Nascimento,(71) 98264-3618,80,Espécie
Diego Barbosa,(71) 91366-3619,85,Espécie
Renata Vieira,(71) 94634-3620,25,Espécie
William Dias,(71) 93950-3621,100,Espécie
Natália Vieira,(71) 93300-3622,30,PIX
Sofia Souza,(71) 97928-3623,85,PIX
Sofia Costa,(71) 91770-3624,75,Espécie
João Mendes,(71) 97618-3625,0,Não contribuiu
Diego Pereira,(71) 93558-3626,30,PIX
Helena Melo,(71) 96947-3627,70,Espécie
Marcelo Santos,(71) 97496-3628,35,PIX
Larissa Mendes,(71) 91305-3629,20,PIX
Larissa Barbosa,(71) 96924-3630,20,PIX
Patrícia Martins,(71) 99212-3631,0,Não contribuiu
Ana Mendes,(71) 96981-3632,0,Não contribuiu
Thiago Vieira,(71) 91529-3633,0,Não contribuiu
Mateus Ramos,(71) 96257-3634,35,PIX
Eduardo Carvalho,(71) 97927-3635,70,Espécie
Natália Carvalho,(71) 97725-3636,35,PIX
Elaine Vieira,(71) 95496-3637,45,PIX
Lucas Gomes,(71) 99247-3638,100,PIX
Daniel Martins,(71) 94943-3639,25,PIX
Paulo Teixeira,(71) 97341-3640,40,Espécie
Gabriel Barbosa,(71) 93271-3641,100,Espécie
João Santos,(71) 91029-3642,85,Espécie
Samuel Costa,(71) 93225-3643,0,Não contribuiu
Natália Carvalho,(71) 94331-3644,0,Não contribuiu
William Dias,(71) 97881-3645,60,Espécie
Paulo Pereira,(71) 99191-3646,100,PIX
Rafael Dias,(71) 97260-3647,50,PIX
Renata Oliveira,(71) 95261-3648,35,PIX
Patrícia Rocha,(71) 96299-3649,95,PIX
Lucas Souza,(71) 97430-3650,0,Não contribuiu
Aline Costa,(71) 93664-3651,100,PIX
Gabriel Dias,(71) 99238-3652,80,PIX
Ana Oliveira,(71) 95805-3653,70,PIX
Elaine Martins,(71) 91216-3654,0,Não contribuiu
Juliana Rocha,(71) 94294-3655,10,Espécie
Aline Martins,(71) 98371-3656,45,PIX
Vinícius Santos,(71) 92745-3657,60,PIX
Gustavo Ferreira,(71) 96912-3658,0,Não contribuiu
Bruno Gomes,(71) 98103-3659,75,Espécie
Bruno Vieira,(71) 94435-3660,50,Espécie
Gabriel Carvalho,(71) 98184-3661,80,Espécie
Rafael Vieira,(71) 97531-3662,30,Espécie
Camila Souza,(71) 91654-3663,0,Não contribuiu
Natália Pereira,(71) 94542-3664,80,PIX
Camila Costa,(71) 92980-3665,80,Espécie
Fábio Ramos,(71) 92319-3666,0,Não contribuiu
Elaine Barbosa,(71) 99467-3667,30,PIX
Mariana Teixeira,(71) 97308-3668,15,Espécie
Victor Gomes,(71) 94624-3669,0,Não contribuiu
Lucas Lima,(71) 91713-3670,85,PIX
Rodrigo Martins,(71) 99329-3671,20,PIX
Diego Teixeira,(71) 97315-3672,50,PIX
Patrícia Teixeira,(71) 98904-3673,55,Espécie
Eduardo Ramos,(71) 93495-3674,65,PIX
Diego Santos,(71) 97365-3675,55,Espécie
João Ferreira,(71) 91760-3676,80,PIX
Marcelo Moreira,(71) 93459-3677,0,Não contribuiu
Gustavo Santos,(71) 92459-3678,35,PIX
Helena Oliveira,(71) 96134-3679,45,Espécie
Eduardo Almeida,(71) 99574-3680,70,PIX
Isabela Barbosa,(71) 98338-3681,80,Espécie
Vinícius Nascimento,(71) 94416-3682,50,PIX
Rodrigo Vieira,(71) 94962-3683,30,Espécie
Yasmin Moreira,(71) 97042-3684,0,Não contribuiu
Thiago Teixeira,(71) 99612-3685,90,Espécie
Fernanda Ribeiro,(71) 97108-3686,0,Não contribuiu
Isabela Mendes,(71) 97481-3687,50,PIX
Isabela Barbosa,(71) 91624-3688,0,Não contribuiu
Marcelo Dias,(71) 99028-3689,65,Espécie
Diego Nascimento,(71) 95746-3690,40,Espécie
Fernanda Souza,(71) 95692-3691,60,Espécie
Ana Ferreira,(71) 94983-3692,35,Espécie
Beatriz Ferreira,(71) 91088-3693,35,PIX
Victor Lima,(71) 96982-3694,70,PIX
Rafael Lima,(71) 98599-3695,65,PIX
Beatriz Oliveira,(71) 99550-3696,0,Não contribuiu
Elaine Rocha,(71) 96906-3697,65,Espécie
Vinícius Ferreira,(71) 99304-3698,0,Não contribuiu
Juliana Melo,(71) 97320-3699,30,Espécie
Victor Oliveira,(71) 98011-3700,0,Não contribuiu
Diego Pereira,(71) 94547-3701,0,Não contribuiu
Elaine Silva,(71) 91671-3702,75,Espécie
Gabriel Martins,(71) 94969-3703,95,PIX
Isabela Lima,(71) 94516-3704,90,PIX
Natália Pereira,(71) 93828-3705,0,Não contribuiu
Mariana Dias,(71) 99552-3706,35,PIX
Sofia Silva,(71) 97679-3707,65,Espécie
Vanessa Pereira,(71) 96786-3708,0,Não contribuiu
Renata Moreira,(71) 95158-3709,0,Não contribuiu
Thiago Vieira,(71) 94585-3710,20,Espécie
Elaine Vieira,(71) 99606-3711,60,Espécie
Aline Santos,(71) 93279-3712,50,Espécie
William Mendes,(71) 97984-3713,10,PIX
Juliana Vieira,(71) 98255-3714,0,Não contribuiu
Vanessa Moreira,(71) 99005-3715,75,Espécie
Bruno Mendes,(71) 98730-3716,40,Espécie
William Pereira,(71) 98411-3717,0,Não contribuiu
Bruno Lima,(71) 93255-3718,40,PIX
Rafael Martins,(71) 91777-3719,0,Não contribuiu
Sofia Almeida,(71) 97856-3720,0,Não contribuiu
Yasmin Dias,(71) 97728-3721,65,PIX
João Barbosa,(71) 99576-3722,0,Não contribuiu
Gustavo Ramos,(71) 93011-3723,30,PIX
Camila Ribeiro,(71) 96279-3724,0,Não contribuiu
Camila Vieira,(71) 96378-3725,60,Espécie
Isabela Ramos,(71) 94079-3726,80,PIX
Vanessa Gomes,(71) 93500-3727,10,Espécie
Natália Gomes,(71) 98378-3728,0,Não contribuiu
Fábio Ramos,(71) 99598-3729,0,Não contribuiu
Diego Lima,(71) 93502-3730,0,Não contribuiu
Simone Martins,(71) 91440-3731,15,Espécie
Juliana Teixeira,(71) 98080-3732,60,PIX
Thiago Oliveira,(71) 91885-3733,0,Não contribuiu
Mariana Oliveira,(71) 96435-3734,0,Não contribuiu
William Costa,(71) 94099-3735,25,Espécie
Rodrigo Moreira,(71) 95652-3736,0,Não contribuiu
Isabela Santos,(71) 91993-3737,70,PIX
Camila Rocha,(71) 92048-3738,35,PIX
Gustavo Oliveira,(71) 92100-3739,45,Espécie
Simone Carvalho,(71) 98472-3740,70,PIX
Ana Moreira,(71) 93665-3741,95,Espécie
Helena Silva,(71) 92709-3742,70,Espécie
Gustavo Carvalho,(71) 91612-3743,85,PIX
Isabela Moreira,(71) 91643-3744,25,Espécie
Paulo Santos,(71) 92998-3745,100,Espécie
Patrícia Pereira,(71) 92494-3746,0,Não contribuiu
Juliana Almeida,(71) 91072-3747,70,PIX
Fábio Dias,(71) 94471-3748,40,PIX
Eduardo Gomes,(71) 99366-3749,0,Não contribuiu
Camila Martins,(71) 97235-3750,0,Não contribuiu
Mateus Souza,(71) 93150-3751,55,PIX
Larissa Silva,(71) 97461-3752,10,PIX
Fernanda Melo,(71) 93946-3753,20,Espécie
Lucas Lima,(71) 91392-3754,65,Espécie
Ana Pereira,(71) 94643-3755,80,PIX
Beatriz Silva,(71) 96831-3756,0,Não contribuiu
João Souza,(71) 96264-3757,90,Espécie
Victor Ramos,(71) 92765-3758,40,Espécie
Thiago Oliveira,(71) 92910-3759,35,PIX
Gabriel Dias,(71) 92880-3760,0,Não contribuiu
Yasmin Carvalho,(71) 98721-3761,15,PIX
Lucas Costa,(71) 97048-3762,25,PIX
Isabela Silva,(71) 92689-3763,35,Espécie
Ana Souza,(71) 99174-3764,45,PIX
Lucas Lima,(71) 97002-3765,0,Não contribuiu
Sofia Dias,(71) 96390-3766,40,PIX
Helena Teixeira,(71) 96034-3767,70,PIX
Fernanda Costa,(71) 91615-3768,0,Não contribuiu
Mateus Mendes,(71) 97024-3769,15,Espécie
Beatriz Mendes,(71) 99187-3770,35,PIX
Vanessa Almeida,(71) 99251-3771,60,PIX
Carlos Nascimento,(71) 94230-3772,75,PIX
Larissa Mendes,(71) 93432-3773,0,Não contribuiu
Beatriz Melo,(71) 96079-3774,45,PIX
Juliana Ferreira,(71) 96722-3775,60,PIX
Beatriz Santos,(71) 95780-3776,0,Não contribuiu
Renata Ferreira,(71) 93462-3777,50,Espécie
Isabela Teixeira,(71) 91411-3778,60,Espécie
Rodrigo Melo,(71) 98488-3779,65,Espécie
Victor Almeida,(71) 94584-3780,40,Espécie
João Souza,(71) 99221-3781,45,Espécie
Vinícius Almeida,(71) 94537-3782,30,Espécie
Samuel Lima,(71) 96798-3783,100,Espécie
Renata Ribeiro,(71) 98719-3784,0,Não contribuiu
Camila Santos,(71) 93558-3785,100,Espécie
Natália Pereira,(71) 94751-3786,45,PIX
Camila Pereira,(71) 91408-3787,0,Não contribuiu
Victor Ramos,(71) 92221-3788,30,PIX
Rodrigo Nascimento,(71) 92117-3789,40,Espécie
Victor Carvalho,(71) 97733-3790,15,Espécie
João Mendes,(71) 95609-3791,60,PIX
Rafael Silva,(71) 99277-3792,10,PIX
Larissa Ferreira,(71) 93233-3793,0,Não contribuiu
Thiago Ribeiro,(71) 91433-3794,80,PIX
Rodrigo Santos,(71) 99486-3795,50,PIX
Renata Carvalho,(71) 99150-3796,0,Não contribuiu
Victor Melo,(71) 93116-3797,0,Não contribuiu
Rafael Vieira,(71) 93415-3798,0,Não contribuiu
William Gomes,(71) 97933-3799,100,Espécie
Beatriz Almeida,(71) 93349-3800,15,Espécie
Yasmin Carvalho,(71) 99830-3801,50,PIX
Bruno Mendes,(71) 97042-3802,70,PIX
Gabriel Dias,(71) 99337-3803,0,Não contribuiu
Diego Ribeiro,(71) 93666-3804,70,Espécie
Patrícia Barbosa,(71) 93875-3805,90,Espécie
Fábio Moreira,(71) 99602-3806,60,Espécie
Ana Ribeiro,(71) 99921-3807,60,Espécie
Marcelo Dias,(71) 94727-3808,95,Espécie
Yasmin Teixeira,(71) 91714-3809,35,PIX
Natália Vieira,(71) 98354-3810,0,Não contribuiu
Ana Costa,(71) 95093-3811,0,Não contribuiu
Eduardo Costa,(71) 92752-3812,35,PIX
Simone Ramos,(71) 95702-3813,60,Espécie
Thiago Ramos,(71) 98792-3814,10,PIX
Vinícius Ramos,(71) 99672-3815,35,PIX
Beatriz Pereira,(71) 98761-3816,65,Espécie
Simone Rocha,(71) 92185-3817,80,PIX
Daniel Souza,(71) 96893-3818,20,Espécie
Rafael Lima,(71) 98575-3819,20,PIX
Camila Gomes,(71) 95067-3820,70,Espécie
Rafael Costa,(71) 92370-3821,85,Espécie
Isabela Barbosa,(71) 94985-3822,0,Não contribuiu
Fábio Dias,(71) 97808-3823,80,Espécie
Rodrigo Santos,(71) 97364-3824,35,PIX
Simone Barbosa,(71) 94012-3825,65,Espécie
Patrícia Melo,(71) 99155-3826,20,Espécie
Juliana Costa,(71) 99374-3827,50,Espécie
Bruno Pereira,(71) 95151-3828,0,Não contribuiu
Samuel Gomes,(71) 94331-3829,45,Espécie
William Barbosa,(71) 91675-3830,30,PIX
Fernanda Vieira,(71) 98636-3831,35,PIX
Camila Moreira,(71) 98112-3832,65,PIX
Fernanda Ribeiro,(71) 95473-3833,35,PIX
Sofia Santos,(71) 93367-3834,0,Não contribuiu
João Melo,(71) 94327-3835,15,PIX
João Vieira,(71) 91563-3836,50,PIX
Rafael Dias,(71) 97511-3837,65,Espécie
João Mendes,(71) 92147-3838,60,PIX
Fernanda Lima,(71) 93155-3839,85,PIX
Carlos Ramos,(71) 96707-3840,40,Espécie
Victor Moreira,(71) 94740-3841,55,Espécie
Eduardo Martins,(71) 93906-3842,60,PIX
William Lima,(71) 93513-3843,40,PIX
Vinícius Martins,(71) 92194-3844,0,Não contribuiu
Daniel Ribeiro,(71) 96203-3845,50,Espécie
Samuel Vieira,(71) 94680-3846,75,Espécie
Diego Ferreira,(71) 91546-3847,50,PIX
Juliana Melo,(71) 92446-3848,90,PIX
Larissa Pereira,(71) 96422-3849,75,PIX
Thiago Martins,(71) 93000-3850,25,PIX
Ana Ferreira,(71) 91365-3851,55,Espécie
Renata Ramos,(71) 92154-3852,90,PIX
Daniel Melo,(71) 96890-3853,50,Espécie
Natália Mendes,(71) 93614-3854,80,PIX
Mateus Dias,(71) 92644-3855,0,Não contribuiu
Patrícia Silva,(71) 95865-3856,40,PIX
Larissa Vieira,(71) 94996-3857,75,Espécie
William Dias,(71) 98521-3858,50,PIX
Daniel Barbosa,(71) 94413-3859,0,Não contribuiu
Samuel Costa,(71) 97115-3860,75,Espécie
Marcelo Ribeiro,(71) 95025-3861,85,Espécie
Diego Mendes,(71) 95071-3862,95,Espécie
Simone Moreira,(71) 95527-3863,40,Espécie
Victor Mendes,(71) 93899-3864,75,Espécie
Natália Ferreira,(71) 91516-3865,0,Não contribuiu
Patrícia Teixeira,(71) 95204-3866,25,PIX
Patrícia Vieira,(71) 94293-3867,0,Não contribuiu
Vanessa Pereira,(71) 94673-3868,80,PIX
Renata Costa,(71) 97983-3869,0,Não contribuiu
Paulo Lima,(71) 99275-3870,0,Não contribuiu
Daniel Dias,(71) 98784-3871,45,PIX
Bruno Moreira,(71) 99841-3872,80,Espécie
João Souza,(71) 91973-3873,15,PIX
João Barbosa,(71) 92847-3874,0,Não contribuiu
Elaine Moreira,(71) 93872-3875,30,Espécie
Rafael Moreira,(71) 97069-3876,65,Espécie
Patrícia Ramos,(71) 95350-3877,0,Não contribuiu
Larissa Rocha,(71) 96169-3878,45,Espécie
Larissa Nascimento,(71) 93481-3879,25,Espécie
Gabriel Santos,(71) 91378-3880,10,Espécie
Vanessa Costa,(71) 97848-3881,10,Espécie
Helena Gomes,(71) 97836-3882,20,PIX
Thiago Martins,(71) 97067-3883,45,Espécie
Bruno Costa,(71) 92151-3884,35,PIX
João Oliveira,(71) 96281-3885,0,Não contribuiu
Elaine Mendes,(71) 96364-3886,50,Espécie
Rafael Almeida,(71) 96590-3887,95,Espécie
Rafael Nascimento,(71) 96364-3888,50,Espécie
Diego Lima,(71) 98450-3889,0,Não contribuiu
Carlos Dias,(71) 93327-3890,90,PIX
Victor Lima,(71) 97284-3891,80,Espécie
Patrícia Teixeira,(71) 96308-3892,55,Espécie
Victor Dias,(71) 96407-3893,0,Não contribuiu
Vinícius Souza,(71) 95824-3894,60,PIX
Simone Moreira,(71) 94495-3895,45,PIX
João Silva,(71) 91690-3896,80,PIX
Daniel Carvalho,(71) 92197-3897,50,PIX
Isabela Teixeira,(71) 95671-3898,10,PIX
Elaine Martins,(71) 98010-3899,35,PIX
Larissa Carvalho,(71) 91292-3900,25,PIX
Juliana Barbosa,(71) 98437-3901,0,Não contribuiu
Gabriel Lima,(71) 96126-3902,65,Espécie
Sofia Souza,(71) 93554-3903,75,PIX
Bruno Ribeiro,(71) 94659-3904,0,Não contribuiu
Gustavo Nascimento,(71) 92560-3905,0,Não contribuiu
Gustavo Costa,(71) 99891-3906,90,Espécie
Marcelo Oliveira,(71) 96678-3907,100,PIX
Mateus Santos,(71) 95275-3908,80,Espécie
Juliana Souza,(71) 92150-3909,0,Não contribuiu
William Lima,(71) 98308-3910,15,PIX
Thiago Silva,(71) 93982-3911,100,PIX
Renata Dias,(71) 96748-3912,0,Não contribuiu
Camila Almeida,(71) 91092-3913,10,Espécie
Juliana Almeida,(71) 91339-3914,0,Não contribuiu
Isabela Carvalho,(71) 99287-3915,75,PIX
William Oliveira,(71) 94055-3916,55,PIX
João Carvalho,(71) 98796-3917,20,Espécie
Juliana Rocha,(71) 96539-3918,0,Não contribuiu
Larissa Pereira,(71) 97360-3919,95,PIX
Daniel Ramos,(71) 99705-3920,60,Espécie
Samuel Rocha,(71) 97736-3921,55,Espécie
Yasmin Rocha,(71) 95507-3922,0,Não contribuiu
Isabela Ferreira,(71) 94112-3923,80,PIX
Victor Costa,(71) 94347-3924,90,PIX
Rodrigo Silva,(71) 98767-3925,30,PIX
Isabela Dias,(71) 98692-3926,40,PIX
Marcelo Gomes,(71) 97864-3927,30,Espécie
Paulo Lima,(71) 99436-3928,85,Espécie
Marcelo Souza,(71) 94508-3929,80,Espécie
Isabela Pereira,(71) 92397-3930,0,Não contribuiu
Simone Gomes,(71) 98449-3931,70,PIX
Diego Gomes,(71) 99744-3932,55,PIX
Gabriel Martins,(71) 98276-3933,60,Espécie
Carlos Pereira,(71) 93496-3934,75,Espécie
Daniel Gomes,(71) 93817-3935,55,PIX
João Oliveira,(71) 93251-3936,15,PIX
Rafael Costa,(71) 93206-3937,15,Espécie
Isabela Ferreira,(71) 92873-3938,70,Espécie
Beatriz Mendes,(71) 99544-3939,50,Espécie
Renata Moreira,(71) 97746-3940,25,Espécie
Thiago Martins,(71) 99817-3941,50,Espécie
Gabriel Almeida,(71) 91976-3942,45,PIX
Gustavo Silva,(71) 92983-3943,40,PIX
Sofia Carvalho,(71) 99527-3944,95,Espécie
Vanessa Santos,(71) 92763-3945,75,Espécie
Isabela Mendes,(71) 95286-3946,50,PIX
Marcelo Ramos,(71) 97809-3947,0,Não contribuiu
Juliana Carvalho,(71) 98122-3948,0,Não contribuiu
Carlos Teixeira,(71) 97329-3949,70,Espécie
Helena Moreira,(71) 95864-3950,15,Espécie
Natália Dias,(71) 94756-3951,25,PIX
Paulo Silva,(71) 91171-3952,95,Espécie
Rodrigo Silva,(71) 91687-3953,45,Espécie
William Santos,(71) 93816-3954,15,PIX
Gustavo Nascimento,(71) 94194-3955,35,Espécie
Thiago Teixeira,(71) 98536-3956,0,Não contribuiu
Elaine Silva,(71) 93983-3957,30,Espécie
Vanessa Souza,(71) 95890-3958,100,PIX
Mariana Mendes,(71) 93349-3959,95,Espécie
Elaine Gomes,(71) 99927-3960,25,PIX
Juliana Moreira,(71) 99904-3961,15,PIX
Daniel Mendes,(71) 93469-3962,90,Espécie
Natália Costa,(71) 96404-3963,75,Espécie
Gustavo Rocha,(71) 91102-3964,35,Espécie
Victor Ramos,(71) 95112-3965,40,PIX
Helena Teixeira,(71) 99475-3966,85,Espécie
Simone Ferreira,(71) 98004-3967,60,Espécie
Vinícius Costa,(71) 91728-3968,0,Não contribuiu
Mariana Moreira,(71) 91546-3969,75,PIX
Patrícia Dias,(71) 93742-3970,0,Não contribuiu
Patrícia Santos,(71) 99098-3971,45,PIX
Sofia Melo,(71) 91400-3972,0,Não contribuiu
Thiago Ramos,(71) 98706-3973,30,PIX
Eduardo Ferreira,(71) 93928-3974,65,PIX
Isabela Ramos,(71) 96416-3975,50,Espécie
Yasmin Santos,(71) 98999-3976,0,Não contribuiu
Paulo Almeida,(71) 96018-3977,35,Espécie
Elaine Teixeira,(71) 96602-3978,100,Espécie
Carlos Ramos,(71) 95035-3979,80,PIX
Carlos Martins,(71) 91323-3980,0,Não contribuiu
Helena Melo,(71) 99892-3981,90,PIX
Aline Ribeiro,(71) 98932-3982,0,Não contribuiu
Gabriel Lima,(71) 91821-3983,95,PIX
Renata Gomes,(71) 95606-3984,0,Não contribuiu
Natália Ribeiro,(71) 97107-3985,30,Espécie
Bruno Barbosa,(71) 92775-3986,60,Espécie
Camila Melo,(71) 94749-3987,0,Não contribuiu
Larissa Gomes,(71) 94039-3988,10,PIX
Samuel Carvalho,(71) 97162-3989,35,Espécie
João Mendes,(71) 98634-3990,30,Espécie
Rodrigo Vieira,(71) 92876-3991,0,Não contribuiu
Helena Martins,(71) 93171-3992,90,Espécie
Natália Teixeira,(71) 94397-3993,0,Não contribuiu
Isabela Costa,(71) 99291-3994,0,Não contribuiu
João Martins,(71) 94909-3995,0,Não contribuiu
Vinícius Oliveira,(71) 93814-3996,40,Espécie
João Souza,(71) 94339-3997,40,PIX
Isabela Melo,(71) 95479-3998,80,Espécie
Fábio Gomes,(71) 94917-3999,50,Espécie
Gabriel Vieira,(71) 98476-4000,40,PIX
Natália Ribeiro,(71) 96180-4001,40,PIX
Helena Melo,(71) 94003-4002,0,Não contribuiu
Bruno Costa,(71) 95907-4003,75,PIX
Thiago Ribeiro,(71) 98705-4004,0,Não contribuiu
Diego Souza,(71) 92963-4005,15,Espécie
Lucas Silva,(71) 99891-4006,95,PIX
Marcelo Costa,(71) 96756-4007,35,PIX
Larissa Teixeira,(71) 92363-4008,55,Espécie
Sofia Almeida,(71) 93021-4009,85,PIX
Eduardo Rocha,(71) 92955-4010,10,PIX
Vanessa Ferreira,(71) 96091-4011,10,Espécie
João Martins,(71) 98714-4012,70,PIX
Simone Gomes,(71) 93549-4013,0,Não contribuiu
Vinícius Teixeira,(71) 98979-4014,0,Não contribuiu
Paulo Dias,(71) 97888-4015,0,Não contribuiu
Carlos Ramos,(71) 96888-4016,15,PIX
Gustavo Dias,(71) 93674-4017,65,PIX
Sofia Nascimento,(71) 97548-4018,70,Espécie
Thiago Ribeiro,(71) 99534-4019,10,Espécie
Simone Silva,(71) 96474-4020,85,Espécie
Lucas Barbosa,(71) 91587-4021,50,Espécie
William Santos,(71) 94687-4022,30,PIX
William Melo,(71) 93517-4023,50,PIX
Bruno Ribeiro,(71) 93641-4024,0,Não contribuiu
William Vieira,(71) 92055-4025,0,Não contribuiu
Paulo Teixeira,(71) 96955-4026,0,Não contribuiu
Fernanda Carvalho,(71) 95469-4027,0,Não contribuiu
Paulo Dias,(71) 95726-4028,60,PIX
Victor Ribeiro,(71) 92963-4029,35,Espécie
Yasmin Lima,(71) 92008-4030,0,Não contribuiu
William Ramos,(71) 99402-4031,95,PIX
Larissa Ribeiro,(71) 92745-4032,50,PIX
Vanessa Moreira,(71) 93758-4033,0,Não contribuiu
Camila Silva,(71) 91950-4034,0,Não contribuiu
Camila Mendes,(71) 93393-4035,95,Espécie
Rodrigo Oliveira,(71) 95446-4036,80,Espécie
Daniel Rocha,(71) 96215-4037,95,PIX
Patrícia Santos,(71) 96686-4038,45,Espécie
Rafael Mendes,(71) 99610-4039,40,PIX
Yasmin Mendes,(71) 93634-4040,30,Espécie
Gustavo Pereira,(71) 98090-4041,50,PIX
Patrícia Carvalho,(71) 93118-4042,30,Espécie
Vinícius Martins,(71) 98618-4043,25,PIX
Renata Souza,(71) 97285-4044,60,Espécie
Yasmin Nascimento,(71) 94518-4045,45,PIX
Victor Ferreira,(71) 98579-4046,0,Não contribuiu
Camila Ribeiro,(71) 96934-4047,20,Espécie
Sofia Costa,(71) 94798-4048,85,Espécie
Gabriel Costa,(71) 95313-4049,70,PIX
Vanessa Costa,(71) 97421-4050,0,Não contribuiu
Rafael Oliveira,(71) 94686-4051,45,Espécie
William Nascimento,(71) 93454-4052,85,Espécie
Lucas Melo,(71) 92828-4053,10,PIX
Daniel Barbosa,(71) 99350-4054,85,PIX
Mateus Melo,(71) 96706-4055,30,PIX
Helena Rocha,(71) 98312-4056,0,Não contribuiu
Rodrigo Vieira,(71) 96374-4057,45,Espécie
Lucas Moreira,(71) 99662-4058,85,PIX
Lucas Carvalho,(71) 95590-4059,20,Espécie
Ana Ramos,(71) 91555-4060,80,PIX
Daniel Souza,(71) 98595-4061,80,Espécie
William Pereira,(71) 95102-4062,55,Espécie
Patrícia Pereira,(71) 96461-4063,35,Espécie
William Mendes,(71) 98914-4064,95,PIX
Sofia Almeida,(71) 99938-4065,40,Espécie
Helena Rocha,(71) 95235-4066,65,PIX
Paulo Gomes,(71) 99546-4067,35,Espécie
Gustavo Vieira,(71) 97933-4068,0,Não contribuiu
Simone Martins,(71) 92811-4069,15,Espécie
Fábio Oliveira,(71) 98963-4070,15,Espécie
Helena Costa,(71) 95495-4071,10,PIX
Eduardo Santos,(71) 94324-4072,20,PIX
Lucas Nascimento,(71) 97544-4073,75,Espécie
Simone Martins,(71) 94504-4074,25,Espécie
Rafael Pereira,(71) 99161-4075,0,Não contribuiu
Fernanda Almeida,(71) 91404-4076,0,Não contribuiu
Camila Martins,(71) 93832-4077,60,PIX
João Lima,(71) 93774-4078,75,PIX
Patrícia Lima,(71) 93914-4079,80,PIX
Gustavo Rocha,(71) 95552-4080,90,Espécie
Mateus Ferreira,(71) 95543-4081,15,Espécie
Elaine Martins,(71) 95809-4082,40,PIX
Fábio Rocha,(71) 97370-4083,95,Espécie
Yasmin Souza,(71) 98682-4084,50,PIX
Vinícius Pereira,(71) 98652-4085,80,Espécie
Simone Ribeiro,(71) 99100-4086,90,Espécie
William Almeida,(71) 99773-4087,95,PIX
Camila Ferreira,(71) 98429-4088,70,PIX
Rafael Melo,(71) 93767-4089,15,Espécie
Eduardo Nascimento,(71) 91526-4090,0,Não contribuiu
Gabriel Carvalho,(71) 96465-4091,15,Espécie
Natália Pereira,(71) 99510-4092,15,Espécie
Daniel Santos,(71) 98767-4093,15,PIX
Eduardo Rocha,(71) 96302-4094,90,PIX
Rodrigo Silva,(71) 97109-4095,45,Espécie
Beatriz Teixeira,(71) 95173-4096,50,PIX
Patrícia Silva,(71) 92424-4097,80,PIX
Sofia Carvalho,(71) 91680-4098,20,PIX
Fábio Nascimento,(71) 92654-4099,90,PIX
Simone Ribeiro,(71) 93448-4100,20,PIX
Larissa Barbosa,(71) 99259-4101,30,PIX
Simone Ribeiro,(71) 99306-4102,75,Espécie
William Silva,(71) 96852-4103,85,PIX
Daniel Souza,(71) 93586-4104,25,PIX
Sofia Silva,(71) 94595-4105,15,PIX
Ana Costa,(71) 94336-4106,95,Espécie
Elaine Oliveira,(71) 98381-4107,60,Espécie
Fernanda Santos,(71) 98223-4108,20,Espécie
Paulo Costa,(71) 98670-4109,60,Espécie
Daniel Pereira,(71) 92556-4110,30,PIX
Renata Moreira,(71) 98711-4111,80,Espécie
Daniel Souza,(71) 92713-4112,55,PIX
Patrícia Gomes,(71) 95636-4113,25,PIX
William Ribeiro,(71) 93644-4114,0,Não contribuiu
Yasmin Melo,(71) 91862-4115,60,PIX
Larissa Santos,(71) 91164-4116,0,Não contribuiu
Yasmin Ribeiro,(71) 99594-4117,95,PIX
Lucas Rocha,(71) 98181-4118,10,PIX
Daniel Martins,(71) 92431-4119,95,Espécie
Sofia Nascimento,(71) 99005-4120,90,PIX
Thiago Mendes,(71) 99521-4121,20,Espécie
Ana Teixeira,(71) 92489-4122,0,Não contribuiu
Diego Teixeira,(71) 99794-4123,90,PIX
Fábio Costa,(71) 92561-4124,0,Não contribuiu
Mariana Ramos,(71) 96170-4125,60,PIX
Diego Ramos,(71) 91678-4126,0,Não contribuiu
Sofia Melo,(71) 92756-4127,0,Não contribuiu
Gabriel Almeida,(71) 97219-4128,75,Espécie
João Lima,(71) 95185-4129,70,PIX
Daniel Lima,(71) 99445-4130,15,Espécie
Juliana Gomes,(71) 98555-4131,85,PIX
Rafael Martins,(71) 97842-4132,0,Não contribuiu
Natália Oliveira,(71) 97171-4133,10,PIX
Simone Mendes,(71) 96982-4134,15,PIX
Fábio Dias,(71) 98171-4135,45,PIX
Yasmin Carvalho,(71) 97782-4136,40,PIX
Thiago Ramos,(71) 96120-4137,70,PIX
Samuel Dias,(71) 93515-4138,0,Não contribuiu
Gustavo Ramos,(71) 98502-4139,40,Espécie
João Oliveira,(71) 96559-4140,25,Espécie
Beatriz Almeida,(71) 97137-4141,0,Não contribuiu
Samuel Costa,(71) 96754-4142,0,Não contribuiu
Lucas Nascimento,(71) 91121-4143,75,Espécie
Marcelo Melo,(71) 96397-4144,40,PIX
Elaine Pereira,(71) 92245-4145,10,Espécie
Patrícia Santos,(71) 91345-4146,80,Espécie
Yasmin Gomes,(71) 97231-4147,70,PIX
Elaine Moreira,(71) 96638-4148,35,Espécie
João Dias,(71) 93305-4149,0,Não contribuiu
Mateus Silva,(71) 97965-4150,55,PIX
Paulo Ribeiro,(71) 93499-4151,95,PIX
Eduardo Souza,(71) 97351-4152,70,PIX
Patrícia Almeida,(71) 93977-4153,30,PIX
Elaine Barbosa,(71) 96671-4154,50,Espécie
Vanessa Rocha,(71) 94431-4155,15,PIX
Helena Oliveira,(71) 92403-4156,45,PIX
Eduardo Rocha,(71) 94146-4157,40,PIX
Paulo Dias,(71) 94806-4158,55,Espécie
Carlos Ribeiro,(71) 92810-4159,65,PIX
Simone Souza,(71) 91476-4160,95,PIX
William Ramos,(71) 95224-4161,0,Não contribuiu
Patrícia Pereira,(71) 91979-4162,100,Espécie
Rafael Souza,(71) 91478-4163,100,Espécie
Marcelo Ramos,(71) 97544-4164,20,PIX
Aline Pereira,(71) 99458-4165,25,Espécie
Beatriz Vieira,(71) 95226-4166,10,Espécie
Samuel Pereira,(71) 95520-4167,40,PIX
Juliana Martins,(71) 96864-4168,60,Espécie
Renata Rocha,(71) 93882-4169,40,Espécie
Vanessa Mendes,(71) 91719-4170,90,Espécie
Samuel Moreira,(71) 98190-4171,30,Espécie
Juliana Melo,(71) 91646-4172,65,Espécie
Mateus Melo,(71) 91278-4173,95,PIX
Natália Barbosa,(71) 99371-4174,75,PIX
Rafael Silva,(71) 94713-4175,45,PIX
Thiago Martins,(71) 93623-4176,35,Espécie
Bruno Dias,(71) 97602-4177,15,PIX
Juliana Ribeiro,(71) 98814-4178,30,PIX
Camila Lima,(71) 99125-4179,80,Espécie
Camila Melo,(71) 99279-4180,30,PIX
Carlos Barbosa,(71) 94731-4181,0,Não contribuiu
Victor Costa,(71) 94890-4182,15,PIX
Fernanda Barbosa,(71) 98317-4183,95,Espécie
Renata Oliveira,(71) 91890-4184,40,Espécie
Helena Ferreira,(71) 93584-4185,20,PIX
Helena Teixeira,(71) 91995-4186,80,Espécie
Vinícius Costa,(71) 96364-4187,0,Não contribuiu
Diego Nascimento,(71) 96658-4188,15,Espécie
Beatriz Mendes,(71) 98242-4189,100,PIX
Lucas Ribeiro,(71) 92335-4190,25,Espécie
Gustavo Gomes,(71) 99473-4191,60,Espécie
Helena Teixeira,(71) 96043-4192,0,Não contribuiu
Mariana Souza,(71) 95348-4193,0,Não contribuiu
Simone Gomes,(71) 95776-4194,40,PIX
Renata Gomes,(71) 92393-4195,0,Não contribuiu
Daniel Dias,(71) 95611-4196,20,Espécie
Gustavo Vieira,(71) 98206-4197,30,PIX
Paulo Almeida,(71) 99074-4198,60,Espécie
Elaine Martins,(71) 98154-4199,0,Não contribuiu
Gustavo Moreira,(71) 98159-4200,35,PIX
Beatriz Costa,(71) 93249-4201,85,Espécie
João Mendes,(71) 91526-4202,100,PIX
Ana Pereira,(71) 92071-4203,0,Não contribuiu
Juliana Mendes,(71) 93728-4204,65,Espécie
Aline Souza,(71) 92843-4205,45,PIX
Marcelo Ribeiro,(71) 95169-4206,0,Não contribuiu
Marcelo Almeida,(71) 99744-4207,75,PIX
Ana Dias,(71) 98917-4208,100,Espécie
Camila Ramos,(71) 95750-4209,25,Espécie
Fernanda Gomes,(71) 93061-4210,55,PIX
Helena Pereira,(71) 93044-4211,90,Espécie
Rafael Nascimento,(71) 92589-4212,35,Espécie
Eduardo Gomes,(71) 95453-4213,25,PIX
Samuel Carvalho,(71) 91419-4214,75,Espécie
Victor Dias,(71) 94429-4215,45,Espécie
João Ribeiro,(71) 96019-4216,95,Espécie
Gabriel Lima,(71) 94947-4217,55,PIX
Simone Lima,(71) 97504-4218,80,PIX
Daniel Lima,(71) 99543-4219,50,PIX
Lucas Rocha,(71) 95758-4220,0,Não contribuiu
Victor Pereira,(71) 97294-4221,0,Não contribuiu
Lucas Pereira,(71) 97491-4222,70,Espécie
Bruno Ramos,(71) 92582-4223,30,PIX
Patrícia Teixeira,(71) 93364-4224,60,PIX
Larissa Ferreira,(71) 94964-4225,30,PIX
Diego Barbosa,(71) 96191-4226,30,Espécie
Fábio Oliveira,(71) 99400-4227,50,Espécie
Fábio Oliveira,(71) 92420-4228,0,Não contribuiu
Gabriel Lima,(71) 95295-4229,60,PIX
Ana Teixeira,(71) 94943-4230,30,Espécie
Patrícia Santos,(71) 93105-4231,15,Espécie
Lucas Dias,(71) 97392-4232,30,Espécie
Carlos Vieira,(71) 93849-4233,40,Espécie
Vinícius Rocha,(71) 97304-4234,65,Espécie
Juliana Pereira,(71) 96790-4235,85,Espécie
Simone Melo,(71) 95582-4236,80,Espécie
Ana Martins,(71) 95082-4237,100,PIX
Larissa Martins,(71) 96658-4238,85,Espécie
Gabriel Ramos,(71) 99862-4239,0,Não contribuiu
Beatriz Barbosa,(71) 91721-4240,20,Espécie
Aline Teixeira,(71) 99744-4241,95,PIX
Isabela Pereira,(71) 94710-4242,0,Não contribuiu
Elaine Carvalho,(71) 92696-4243,75,PIX
Camila Santos,(71) 96841-4244,60,PIX
Fernanda Carvalho,(71) 93511-4245,95,Espécie
Fábio Dias,(71) 96301-4246,55,PIX
Mariana Almeida,(71) 95223-4247,55,PIX
Renata Rocha,(71) 94115-4248,70,Espécie
Vinícius Vieira,(71) 96422-4249,10,Espécie
Ana Moreira,(71) 93340-4250,60,Espécie
Aline Ferreira,(71) 91440-4251,0,Não contribuiu
João Ribeiro,(71) 92877-4252,35,Espécie
Eduardo Costa,(71) 97209-4253,0,Não contribuiu
Isabela Ribeiro,(71) 97082-4254,95,Espécie
Thiago Ferreira,(71) 98953-4255,75,Espécie
Rodrigo Oliveira,(71) 94876-4256,10,Espécie
Patrícia Melo,(71) 96172-4257,0,Não contribuiu
Juliana Pereira,(71) 93959-4258,50,Espécie
Victor Silva,(71) 92716-4259,50,PIX
Mariana Silva,(71) 91538-4260,90,PIX
Helena Pereira,(71) 92231-4261,30,Espécie
Elaine Ramos,(71) 95429-4262,70,Espécie
Mariana Souza,(71) 95120-4263,0,Não contribuiu
Carlos Ferreira,(71) 91859-4264,75,Espécie
Mariana Melo,(71) 92404-4265,20,PIX
Renata Souza,(71) 98556-4266,45,Espécie
Renata Mendes,(71) 98117-4267,50,Espécie
Isabela Rocha,(71) 91211-4268,85,PIX
Renata Barbosa,(71) 96051-4269,40,PIX
Victor Pereira,(71) 98492-4270,100,PIX
Vanessa Silva,(71) 92104-4271,85,PIX
Paulo Martins,(71) 95791-4272,85,PIX
Mariana Mendes,(71) 93341-4273,55,Espécie
Mateus Martins,(71) 95972-4274,50,Espécie
Juliana Souza,(71) 99369-4275,80,Espécie
Thiago Nascimento,(71) 99507-4276,25,PIX
Mariana Martins,(71) 98211-4277,65,PIX
Vinícius Melo,(71) 99025-4278,0,Não contribuiu
Victor Ramos,(71) 98653-4279,95,PIX
Eduardo Martins,(71) 96092-4280,100,Espécie
Fábio Santos,(71) 98959-4281,35,Espécie
Yasmin Nascimento,(71) 97734-4282,70,PIX
Diego Ferreira,(71) 98180-4283,0,Não contribuiu
Juliana Rocha,(71) 95840-4284,0,Não contribuiu
João Barbosa,(71) 94526-4285,75,PIX
Samuel Martins,(71) 91898-4286,65,Espécie
Natália Silva,(71) 95355-4287,65,PIX
Vanessa Vieira,(71) 93645-4288,30,Espécie
Ana Ribeiro,(71) 97336-4289,20,Espécie
Yasmin Souza,(71) 92528-4290,0,Não contribuiu
Sofia Carvalho,(71) 93203-4291,0,Não contribuiu
Vanessa Melo,(71) 98343-4292,30,Espécie
Vanessa Ramos,(71) 93178-4293,0,Não contribuiu
Lucas Carvalho,(71) 98931-4294,25,Espécie
Fábio Rocha,(71) 96110-4295,90,Espécie
Larissa Santos,(71) 97650-4296,0,Não contribuiu
Lucas Martins,(71) 94346-4297,70,PIX
Vinícius Barbosa,(71) 97055-4298,35,PIX
Fernanda Lima,(71) 98786-4299,100,Espécie
Camila Almeida,(71) 92798-4300,90,PIX
Gabriel Ribeiro,(71) 92170-4301,35,Espécie
Juliana Melo,(71) 96553-4302,90,Espécie
Eduardo Rocha,(71) 95701-4303,70,PIX
Rafael Nascimento,(71) 98679-4304,50,Espécie
Vanessa Silva,(71) 94498-4305,40,PIX
Victor Moreira,(71) 97772-4306,85,PIX
Bruno Vieira,(71) 95847-4307,65,PIX
Mariana Ribeiro,(71) 95593-4308,80,PIX
Lucas Oliveira,(71) 91908-4309,100,Espécie
Gabriel Souza,(71) 95272-4310,55,Espécie
Renata Ramos,(71) 94002-4311,35,PIX
Yasmin Pereira,(71) 97940-4312,0,Não contribuiu
Renata Oliveira,(71) 98963-4313,100,Espécie
Samuel Ribeiro,(71) 97925-4314,25,Espécie
Beatriz Ribeiro,(71) 94270-4315,45,PIX
Fábio Barbosa,(71) 93229-4316,15,Espécie
Victor Costa,(71) 98406-4317,0,Não contribuiu
Mariana Oliveira,(71) 98680-4318,75,Espécie
João Oliveira,(71) 99201-4319,80,Espécie
Yasmin Santos,(71) 93564-4320,0,Não contribuiu
Mariana Nascimento,(71) 98758-4321,45,Espécie
Camila Pereira,(71) 99719-4322,0,Não contribuiu
Larissa Lima,(71) 92245-4323,30,PIX
Isabela Ferreira,(71) 93862-4324,70,Espécie
Sofia Oliveira,(71) 99476-4325,0,Não contribuiu
Helena Souza,(71) 99406-4326,90,PIX
Marcelo Rocha,(71) 95674-4327,0,Não contribuiu
Victor Martins,(71) 92475-4328,20,Espécie
Natália Souza,(71) 94075-4329,25,PIX
Beatriz Costa,(71) 92363-4330,65,PIX
Beatriz Mendes,(71) 96664-4331,80,PIX
Marcelo Melo,(71) 99163-4332,85,Espécie
Samuel Ramos,(71) 93436-4333,95,PIX
Renata Dias,(71) 94623-4334,0,Não contribuiu
Victor Mendes,(71) 96744-4335,60,Espécie
João Ramos,(71) 96779-4336,85,PIX
Eduardo Vieira,(71) 99383-4337,0,Não contribuiu
Simone Martins,(71) 99514-4338,55,Espécie
Aline Teixeira,(71) 92462-4339,90,PIX
Gustavo Almeida,(71) 98868-4340,45,Espécie
Daniel Silva,(71) 94813-4341,60,PIX
Fernanda Souza,(71) 98477-4342,35,PIX
João Costa,(71) 97707-4343,25,PIX
Bruno Lima,(71) 91749-4344,25,PIX
William Silva,(71) 95171-4345,45,Espécie
Rafael Melo,(71) 99749-4346,80,Espécie
Patrícia Barbosa,(71) 95390-4347,0,Não contribuiu
Gustavo Melo,(71) 97839-4348,50,Espécie
Yasmin Nascimento,(71) 97865-4349,30,PIX
Eduardo Silva,(71) 92981-4350,90,PIX
Victor Ribeiro,(71) 96719-4351,50,Espécie
Daniel Melo,(71) 96113-4352,0,Não contribuiu
Elaine Carvalho,(71) 91907-4353,70,Espécie
Diego Ramos,(71) 95504-4354,10,Espécie
Vinícius Santos,(71) 98661-4355,0,Não contribuiu
Bruno Oliveira,(71) 94086-4356,15,PIX
William Ramos,(71) 93910-4357,95,Espécie
Vinícius Lima,(71) 94790-4358,45,PIX
Simone Costa,(71) 97806-4359,85,Espécie
Simone Gomes,(71) 93886-4360,30,Espécie
Isabela Ferreira,(71) 94853-4361,50,PIX
Diego Melo,(71) 93411-4362,100,Espécie
Patrícia Mendes,(71) 97353-4363,35,PIX
Daniel Melo,(71) 92402-4364,55,PIX
Samuel Rocha,(71) 98268-4365,90,Espécie
Rafael Teixeira,(71) 91555-4366,20,PIX
João Santos,(71) 99471-4367,50,Espécie
William Dias,(71) 99691-4368,80,PIX
Daniel Oliveira,(71) 97591-4369,30,Espécie
Mateus Vieira,(71) 97073-4370,50,PIX
Camila Costa,(71) 91337-4371,90,Espécie
Larissa Nascimento,(71) 97559-4372,35,Espécie
Marcelo Nascimento,(71) 98187-4373,0,Não contribuiu
Fábio Oliveira,(71) 97018-4374,0,Não contribuiu
Rafael Almeida,(71) 96367-4375,45,Espécie
Vinícius Nascimento,(71) 94012-4376,0,Não contribuiu
Elaine Lima,(71) 95032-4377,30,PIX
Simone Gomes,(71) 96458-4378,0,Não contribuiu
Paulo Silva,(71) 91268-4379,60,PIX
Patrícia Pereira,(71) 94062-4380,50,Espécie
Sofia Melo,(71) 96706-4381,70,PIX
Yasmin Mendes,(71) 99045-4382,95,Espécie
João Ribeiro,(71) 92845-4383,80,PIX
Mariana Moreira,(71) 95349-4384,0,Não contribuiu
Gustavo Souza,(71) 97261-4385,50,PIX
Vanessa Gomes,(71) 94553-4386,0,Não contribuiu
Aline Martins,(71) 91589-4387,85,Espécie
Yasmin Carvalho,(71) 92069-4388,100,PIX
Daniel Vieira,(71) 96813-4389,45,PIX
Daniel Ramos,(71) 94474-4390,70,PIX
Fábio Mendes,(71) 93103-4391,0,Não contribuiu
Vanessa Melo,(71) 99644-4392,85,Espécie
Eduardo Nascimento,(71) 95359-4393,0,Não contribuiu
Marcelo Dias,(71) 92764-4394,45,PIX
Rodrigo Moreira,(71) 95879-4395,50,PIX
Juliana Mendes,(71) 93392-4396,25,Espécie
Bruno Almeida,(71) 97366-4397,60,Espécie
Simone Souza,(71) 95366-4398,65,PIX
Lucas Pereira,(71) 91934-4399,35,PIX
Marcelo Carvalho,(71) 96598-4400,25,Espécie
Fábio Gomes,(71) 92189-4401,25,PIX
Aline Almeida,(71) 94300-4402,40,Espécie
Ana Barbosa,(71) 99382-4403,70,Espécie
Marcelo Costa,(71) 99562-4404,15,PIX
Natália Moreira,(71) 94961-4405,65,Espécie
Vinícius Lima,(71) 92367-4406,40,PIX
Patrícia Lima,(71) 99330-4407,20,Espécie
Victor Pereira,(71) 92465-4408,0,Não contribuiu
Samuel Mendes,(71) 96407-4409,70,Espécie
Diego Carvalho,(71) 95053-4410,80,PIX
Gabriel Mendes,(71) 97975-4411,60,PIX
Marcelo Almeida,(71) 92350-4412,15,PIX
Aline Carvalho,(71) 94518-4413,0,Não contribuiu
William Almeida,(71) 91183-4414,95,Espécie
Juliana Melo,(71) 93977-4415,15,PIX
Elaine Rocha,(71) 95443-4416,95,PIX
Fábio Mendes,(71) 98037-4417,90,Espécie
Fábio Dias,(71) 93200-4418,0,Não contribuiu
Gabriel Nascimento,(71) 91814-4419,75,Espécie
Sofia Rocha,(71) 99951-4420,70,PIX
Thiago Silva,(71) 98329-4421,0,Não contribuiu
Patrícia Costa,(71) 98752-4422,50,PIX
Carlos Martins,(71) 91796-4423,55,PIX
Lucas Moreira,(71) 99598-4424,0,Não contribuiu
Sofia Mendes,(71) 94226-4425,40,PIX
Elaine Costa,(71) 94277-4426,0,Não contribuiu
Ana Lima,(71) 91620-4427,55,PIX
Vinícius Pereira,(71) 92969-4428,60,Espécie
Natália Almeida,(71) 96164-4429,0,Não contribuiu
Fernanda Melo,(71) 97533-4430,50,Espécie
Camila Moreira,(71) 91733-4431,100,Espécie
Daniel Ribeiro,(71) 93706-4432,80,PIX
João Costa,(71) 98983-4433,40,Espécie
Juliana Teixeira,(71) 95704-4434,75,Espécie
Bruno Barbosa,(71) 99486-4435,0,Não contribuiu
Lucas Ribeiro,(71) 95182-4436,0,Não contribuiu
Vanessa Souza,(71) 98775-4437,0,Não contribuiu
João Santos,(71) 94198-4438,15,Espécie
Juliana Pereira,(71) 95744-4439,35,Espécie
Elaine Lima,(71) 99821-4440,35,Espécie
Bruno Pereira,(71) 93026-4441,95,PIX
Ana Almeida,(71) 94504-4442,0,Não contribuiu
Renata Rocha,(71) 93104-4443,0,Não contribuiu
Camila Almeida,(71) 94650-4444,15,Espécie
Patrícia Souza,(71) 98187-4445,0,Não contribuiu
Larissa Martins,(71) 91346-4446,100,Espécie
Victor Gomes,(71) 93702-4447,90,Espécie
Helena Moreira,(71) 98603-4448,0,Não contribuiu
Victor Souza,(71) 93829-4449,0,Não contribuiu
Larissa Ramos,(71) 92366-4450,0,Não contribuiu
Mariana Moreira,(71) 98152-4451,25,Espécie
Lucas Ramos,(71) 97117-4452,90,PIX
Fernanda Ramos,(71) 92671-4453,0,Não contribuiu
Gabriel Barbosa,(71) 98216-4454,100,PIX
Patrícia Nascimento,(71) 93914-4455,15,PIX
Marcelo Oliveira,(71) 94471-4456,95,Espécie
Simone Ribeiro,(71) 99227-4457,35,Espécie
Thiago Dias,(71) 92998-4458,65,Espécie
Carlos Ribeiro,(71) 96884-4459,45,Espécie
Gabriel Ribeiro,(71) 97756-4460,60,Espécie
Patrícia Carvalho,(71) 98235-4461,25,Espécie
Lucas Ribeiro,(71) 98607-4462,15,PIX
William Ferreira,(71) 96636-4463,0,Não contribuiu
Helena Almeida,(71) 96648-4464,0,Não contribuiu
Fábio Pereira,(71) 92191-4465,0,Não contribuiu
Thiago Mendes,(71) 97915-4466,95,Espécie
Gabriel Almeida,(71) 95502-4467,60,Espécie
Elaine Mendes,(71) 94499-4468,100,PIX
William Almeida,(71) 94423-4469,90,PIX
Sofia Ribeiro,(71) 98549-4470,35,PIX
Daniel Ribeiro,(71) 93957-4471,0,Não contribuiu
Patrícia Ribeiro,(71) 93772-4472,20,PIX
Mariana Mendes,(71) 94021-4473,70,PIX
Natália Barbosa,(71) 99708-4474,0,Não contribuiu
Vanessa Costa,(71) 93036-4475,0,Não contribuiu
Gabriel Oliveira,(71) 97601-4476,15,PIX
Paulo Santos,(71) 93184-4477,60,Espécie
Beatriz Ferreira,(71) 94024-4478,0,Não contribuiu
Fernanda Melo,(71) 95971-4479,80,Espécie
Lucas Rocha,(71) 94432-4480,30,PIX
William Ribeiro,(71) 92071-4481,0,Não contribuiu
Larissa Costa,(71) 94750-4482,40,Espécie
Camila Melo,(71) 97171-4483,55,PIX
Isabela Ferreira,(71) 95656-4484,85,Espécie
Simone Lima,(71) 99232-4485,0,Não contribuiu
Isabela Moreira,(71) 97492-4486,15,PIX
Camila Barbosa,(71) 97381-4487,100,PIX
Lucas Carvalho,(71) 91604-4488,95,Espécie
Aline Martins,(71) 95904-4489,45,PIX
Natália Rocha,(71) 98581-4490,75,Espécie
Beatriz Dias,(71) 97992-4491,0,Não contribuiu
Thiago Ferreira,(71) 95788-4492,85,PIX
Carlos Moreira,(71) 91848-4493,0,Não contribuiu
Natália Ribeiro,(71) 91412-4494,15,Espécie
Camila Gomes,(71) 97977-4495,25,Espécie
Eduardo Melo,(71) 99590-4496,60,Espécie
Elaine Carvalho,(71) 97029-4497,0,Não contribuiu
Sofia Lima,(71) 99084-4498,0,Não contribuiu
Daniel Moreira,(71) 93139-4499,0,Não contribuiu
Lucas Pereira,(71) 95249-4500,35,Espécie
Aline Barbosa,(71) 95995-4501,100,PIX
Mateus Souza,(71) 95541-4502,45,PIX
Isabela Gomes,(71) 94739-4503,45,PIX
Elaine Moreira,(71) 96614-4504,40,Espécie
Beatriz Gomes,(71) 98640-4505,50,Espécie
Victor Silva,(71) 94320-4506,40,PIX
Diego Mendes,(71) 92072-4507,80,PIX
Rafael Lima,(71) 96818-4508,40,PIX
Thiago Rocha,(71) 95013-4509,75,Espécie
Aline Almeida,(71) 97336-4510,100,PIX
Ana Silva,(71) 93091-4511,80,Espécie
Lucas Santos,(71) 91070-4512,80,PIX
Patrícia Souza,(71) 95315-4513,10,PIX
Renata Dias,(71) 93742-4514,50,PIX
Mariana Souza,(71) 99637-4515,10,Espécie
Rafael Ramos,(71) 98135-4516,70,PIX
Samuel Ferreira,(71) 93448-4517,95,PIX
Daniel Ferreira,(71) 95562-4518,85,Espécie
Renata Ramos,(71) 93316-4519,40,Espécie
Victor Nascimento,(71) 93183-4520,10,Espécie
Lucas Barbosa,(71) 91977-4521,0,Não contribuiu
Eduardo Barbosa,(71) 98993-4522,20,Espécie
Marcelo Mendes,(71) 97399-4523,0,Não contribuiu
William Lima,(71) 95254-4524,10,PIX
Gustavo Ramos,(71) 99449-4525,60,Espécie
Helena Pereira,(71) 95953-4526,65,Espécie
Elaine Moreira,(71) 99329-4527,0,Não contribuiu
Lucas Moreira,(71) 98177-4528,55,PIX
Rodrigo Ribeiro,(71) 93797-4529,15,PIX
Vanessa Rocha,(71) 94927-4530,40,Espécie
Thiago Mendes,(71) 99567-4531,0,Não contribuiu
Aline Mendes,(71) 97528-4532,45,PIX
Larissa Santos,(71) 93193-4533,0,Não contribuiu
Rafael Lima,(71) 96901-4534,95,Espécie
Elaine Rocha,(71) 95797-4535,10,PIX
Helena Vieira,(71) 95178-4536,85,PIX
Vinícius Nascimento,(71) 98599-4537,75,Espécie
Vanessa Costa,(71) 96012-4538,85,Espécie
Vanessa Ribeiro,(71) 94680-4539,95,Espécie
Yasmin Silva,(71) 99996-4540,55,PIX
Samuel Gomes,(71) 91999-4541,90,Espécie
Mateus Costa,(71) 95214-4542,80,Espécie
Carlos Carvalho,(71) 91145-4543,55,PIX
William Almeida,(71) 95852-4544,70,PIX
Beatriz Ferreira,(71) 98376-4545,75,PIX
Vinícius Almeida,(71) 91327-4546,0,Não contribuiu
Simone Ribeiro,(71) 92808-4547,0,Não contribuiu
Ana Melo,(71) 95586-4548,80,PIX
Bruno Mendes,(71) 96153-4549,60,Espécie
Gustavo Santos,(71) 96953-4550,0,Não contribuiu
João Gomes,(71) 93031-4551,55,PIX
Bruno Silva,(71) 98996-4552,75,PIX
Lucas Barbosa,(71) 96539-4553,45,PIX
Thiago Gomes,(71) 96345-4554,15,PIX
Vanessa Ramos,(71) 93009-4555,50,PIX
Gabriel Oliveira,(71) 98554-4556,15,PIX
Natália Santos,(71) 99862-4557,65,PIX
Bruno Nascimento,(71) 98843-4558,55,PIX
Vinícius Silva,(71) 97530-4559,0,Não contribuiu
Victor Gomes,(71) 95541-4560,0,Não contribuiu
Simone Silva,(71) 98729-4561,0,Não contribuiu
Mateus Almeida,(71) 96119-4562,0,Não contribuiu
William Nascimento,(71) 92604-4563,100,PIX
Daniel Lima,(71) 96993-4564,50,Espécie
Renata Mendes,(71) 91444-4565,0,Não contribuiu
Elaine Nascimento,(71) 95076-4566,90,PIX
Gabriel Mendes,(71) 91021-4567,60,Espécie
Camila Moreira,(71) 99282-4568,90,Espécie
Bruno Nascimento,(71) 98390-4569,40,Espécie
Renata Melo,(71) 93098-4570,40,Espécie
Diego Santos,(71) 91507-4571,0,Não contribuiu
Gabriel Ferreira,(71) 99350-4572,70,PIX
Vanessa Rocha,(71) 99805-4573,65,Espécie
Rodrigo Pereira,(71) 91758-4574,85,Espécie
Patrícia Silva,(71) 96522-4575,15,Espécie
Patrícia Rocha,(71) 94279-4576,95,Espécie
Gustavo Lima,(71) 93964-4577,30,Espécie
Renata Barbosa,(71) 94610-4578,10,Espécie
Mateus Rocha,(71) 94173-4579,75,PIX
Ana Moreira,(71) 94896-4580,80,PIX
Camila Melo,(71) 95763-4581,0,Não contribuiu
Helena Costa,(71) 92062-4582,40,Espécie
Renata Pereira,(71) 94510-4583,30,Espécie
Gabriel Rocha,(71) 92072-4584,85,PIX
Yasmin Ferreira,(71) 96200-4585,65,PIX
Beatriz Mendes,(71) 91178-4586,60,Espécie
Sofia Teixeira,(71) 92126-4587,0,Não contribuiu
Helena Dias,(71) 94099-4588,80,Espécie
Renata Gomes,(71) 98438-4589,80,Espécie
Beatriz Oliveira,(71) 95203-4590,75,PIX
Fernanda Santos,(71) 96771-4591,25,Espécie
Mateus Ferreira,(71) 95615-4592,0,Não contribuiu
Aline Costa,(71) 92851-4593,0,Não contribuiu
Renata Carvalho,(71) 95197-4594,90,Espécie
Ana Teixeira,(71) 99181-4595,0,Não contribuiu
Rodrigo Lima,(71) 97349-4596,30,PIX
Diego Carvalho,(71) 94963-4597,65,PIX
Vanessa Ribeiro,(71) 99387-4598,80,PIX
Vinícius Martins,(71) 95087-4599,45,PIX
Carlos Pereira,(71) 93113-4600,20,PIX
Eduardo Ferreira,(71) 94634-4601,85,Espécie
Renata Melo,(71) 91659-4602,40,Espécie
Juliana Ribeiro,(71) 95681-4603,90,PIX
Camila Rocha,(71) 93642-4604,75,Espécie
Daniel Ribeiro,(71) 92072-4605,0,Não contribuiu
Eduardo Carvalho,(71) 98472-4606,100,Espécie
Thiago Souza,(71) 98354-4607,45,PIX
Bruno Dias,(71) 92275-4608,10,PIX
Mariana Melo,(71) 97582-4609,55,PIX
Fernanda Almeida,(71) 94857-4610,0,Não contribuiu
Mariana Teixeira,(71) 96593-4611,45,Espécie
Aline Dias,(71) 91681-4612,40,Espécie
Vinícius Almeida,(71) 91782-4613,40,Espécie
Renata Teixeira,(71) 91172-4614,0,Não contribuiu
Mateus Ferreira,(71) 95281-4615,0,Não contribuiu
Thiago Teixeira,(71) 93241-4616,0,Não contribuiu
Vanessa Martins,(71) 94512-4617,10,PIX
Vinícius Souza,(71) 91417-4618,0,Não contribuiu
Camila Pereira,(71) 97995-4619,45,Espécie
Fernanda Ramos,(71) 92858-4620,10,Espécie
Vinícius Barbosa,(71) 97746-4621,50,PIX
João Moreira,(71) 95880-4622,65,PIX
Mateus Almeida,(71) 91525-4623,50,PIX
Samuel Santos,(71) 99157-4624,35,Espécie
Renata Ribeiro,(71) 98861-4625,0,Não contribuiu
Isabela Rocha,(71) 91539-4626,75,PIX
Patrícia Teixeira,(71) 97900-4627,30,Espécie
Lucas Lima,(71) 94159-4628,20,PIX
João Ribeiro,(71) 92877-4629,0,Não contribuiu
Aline Rocha,(71) 95860-4630,10,Espécie
Vinícius Lima,(71) 94780-4631,30,PIX
Sofia Melo,(71) 98008-4632,15,Espécie
Marcelo Ribeiro,(71) 99370-4633,0,Não contribuiu
Thiago Rocha,(71) 91145-4634,25,PIX
Eduardo Gomes,(71) 92956-4635,0,Não contribuiu
Larissa Pereira,(71) 98549-4636,20,Espécie
Aline Costa,(71) 95765-4637,35,PIX
Rafael Almeida,(71) 93733-4638,95,PIX
Beatriz Martins,(71) 97023-4639,15,Espécie
Sofia Ribeiro,(71) 96250-4640,30,PIX
Larissa Carvalho,(71) 92596-4641,25,PIX
Simone Gomes,(71) 96535-4642,30,PIX
Ana Gomes,(71) 99923-4643,0,Não contribuiu
Larissa Souza,(71) 93219-4644,15,Espécie
Mariana Teixeira,(71) 95106-4645,45,Espécie
Carlos Nascimento,(71) 91678-4646,80,PIX
Isabela Moreira,(71) 96457-4647,25,PIX
Aline Rocha,(71) 93101-4648,75,PIX
Ana Ferreira,(71) 95224-4649,45,PIX
Carlos Ribeiro,(71) 97086-4650,15,PIX
Marcelo Ramos,(71) 94823-4651,15,Espécie
Marcelo Costa,(71) 97697-4652,90,PIX
Renata Barbosa,(71) 95513-4653,80,PIX
Victor Carvalho,(71) 97885-4654,35,PIX
William Costa,(71) 97937-4655,35,PIX
Bruno Vieira,(71) 92597-4656,15,PIX
Mariana Souza,(71) 91261-4657,60,PIX
Camila Lima,(71) 98990-4658,30,PIX
Fábio Costa,(71) 99091-4659,20,Espécie
Rodrigo Nascimento,(71) 98329-4660,95,Espécie
Larissa Martins,(71) 93916-4661,40,PIX
Marcelo Almeida,(71) 99646-4662,35,Espécie
Rodrigo Pereira,(71) 96964-4663,95,PIX
Victor Silva,(71) 98759-4664,25,PIX
Patrícia Souza,(71) 91108-4665,35,PIX
Larissa Ribeiro,(71) 93479-4666,85,Espécie
Gustavo Dias,(71) 91697-4667,40,PIX
Larissa Mendes,(71) 96842-4668,0,Não contribuiu
Marcelo Almeida,(71) 92724-4669,0,Não contribuiu
Ana Nascimento,(71) 98434-4670,70,PIX
Paulo Gomes,(71) 93788-4671,45,Espécie
Thiago Ferreira,(71) 97854-4672,35,Espécie
Renata Oliveira,(71) 96776-4673,50,Espécie
Larissa Moreira,(71) 91537-4674,50,PIX
Marcelo Vieira,(71) 91376-4675,50,PIX
Natália Vieira,(71) 97736-4676,55,Espécie
Paulo Gomes,(71) 94207-4677,65,Espécie
Juliana Costa,(71) 99724-4678,90,Espécie
Isabela Moreira,(71) 95221-4679,0,Não contribuiu
Mariana Mendes,(71) 99896-4680,45,Espécie
Samuel Vieira,(71) 94999-4681,0,Não contribuiu
Larissa Barbosa,(71) 93369-4682,70,Espécie
Renata Rocha,(71) 93582-4683,0,Não contribuiu
Isabela Moreira,(71) 95260-4684,0,Não contribuiu
Yasmin Santos,(71) 99432-4685,0,Não contribuiu
Gustavo Souza,(71) 97623-4686,30,Espécie
Marcelo Costa,(71) 92999-4687,0,Não contribuiu
Gabriel Pereira,(71) 95215-4688,100,Espécie
Sofia Vieira,(71) 99415-4689,0,Não contribuiu
Helena Almeida,(71) 95185-4690,100,PIX
Eduardo Rocha,(71) 99789-4691,0,Não contribuiu
Gabriel Moreira,(71) 93802-4692,25,Espécie
Thiago Martins,(71) 95271-4693,0,Não contribuiu
Elaine Mendes,(71) 98966-4694,40,Espécie
Samuel Dias,(71) 95107-4695,90,PIX
Daniel Rocha,(71) 92862-4696,15,PIX
Gustavo Oliveira,(71) 97835-4697,95,PIX
Rafael Ferreira,(71) 99098-4698,40,PIX
Mariana Ferreira,(71) 93223-4699,25,Espécie
Eduardo Santos,(71) 93374-4700,20,Espécie
Samuel Nascimento,(71) 96364-4701,25,PIX
Gustavo Dias,(71) 93141-4702,60,Espécie
Mariana Ribeiro,(71) 92560-4703,45,Espécie
Isabela Moreira,(71) 99141-4704,25,PIX
Rodrigo Nascimento,(71) 96184-4705,70,Espécie
Mariana Vieira,(71) 98587-4706,20,PIX
Daniel Santos,(71) 91215-4707,0,Não contribuiu
Natália Ferreira,(71) 91100-4708,10,Espécie
Bruno Ribeiro,(71) 96140-4709,25,PIX
Aline Moreira,(71) 96791-4710,45,PIX
Daniel Pereira,(71) 95224-4711,30,PIX
João Melo,(71) 94722-4712,40,PIX
Simone Costa,(71) 96815-4713,55,Espécie
Renata Barbosa,(71) 92442-4714,75,Espécie
Simone Rocha,(71) 95538-4715,20,PIX
Rafael Almeida,(71) 98294-4716,30,Espécie
Eduardo Vieira,(71) 99214-4717,65,Espécie
João Lima,(71) 92009-4718,0,Não contribuiu
Daniel Ferreira,(71) 91267-4719,65,PIX
Elaine Costa,(71) 97880-4720,80,Espécie
Fábio Vieira,(71) 94983-4721,35,Espécie
Daniel Ferreira,(71) 98411-4722,0,Não contribuiu
Vanessa Lima,(71) 98821-4723,0,Não contribuiu
Natália Gomes,(71) 96725-4724,20,Espécie
Rodrigo Mendes,(71) 93297-4725,45,Espécie
Elaine Martins,(71) 91023-4726,55,PIX
Gabriel Martins,(71) 92597-4727,85,Espécie
Natália Melo,(71) 95651-4728,70,Espécie
Carlos Melo,(71) 92573-4729,100,PIX
Simone Teixeira,(71) 99560-4730,10,PIX
Eduardo Souza,(71) 92887-4731,80,PIX
Natália Lima,(71) 96885-4732,0,Não contribuiu
Paulo Teixeira,(71) 93205-4733,70,Espécie
Bruno Ferreira,(71) 93305-4734,0,Não contribuiu
Marcelo Silva,(71) 97982-4735,95,PIX
Simone Martins,(71) 97240-4736,0,Não contribuiu
Gabriel Melo,(71) 95055-4737,0,Não contribuiu
Renata Souza,(71) 94196-4738,10,Espécie
Paulo Ramos,(71) 98517-4739,0,Não contribuiu
Mariana Rocha,(71) 97955-4740,0,Não contribuiu
Beatriz Moreira,(71) 98522-4741,10,PIX
Gustavo Gomes,(71) 91772-4742,75,Espécie
Gabriel Teixeira,(71) 99013-4743,60,Espécie
Natália Martins,(71) 95654-4744,0,Não contribuiu
Daniel Vieira,(71) 97437-4745,30,PIX
Patrícia Vieira,(71) 95709-4746,55,PIX
Victor Souza,(71) 91258-4747,15,PIX
Vanessa Pereira,(71) 96422-4748,0,Não contribuiu
Yasmin Costa,(71) 92848-4749,0,Não contribuiu
Carlos Souza,(71) 91334-4750,80,PIX
Simone Costa,(71) 98995-4751,20,PIX
Marcelo Moreira,(71) 96602-4752,90,PIX
Ana Almeida,(71) 96107-4753,70,PIX
William Ferreira,(71) 96959-4754,20,PIX
Mateus Silva,(71) 91080-4755,95,PIX
Ana Carvalho,(71) 91691-4756,55,PIX
Eduardo Costa,(71) 98223-4757,80,Espécie
Isabela Martins,(71) 94928-4758,35,PIX
Rodrigo Lima,(71) 94428-4759,90,PIX
William Almeida,(71) 91587-4760,0,Não contribuiu
Carlos Nascimento,(71) 92881-4761,65,PIX
Carlos Moreira,(71) 93237-4762,30,Espécie
Renata Oliveira,(71) 98944-4763,85,PIX
Eduardo Nascimento,(71) 95306-4764,65,Espécie
Lucas Nascimento,(71) 97320-4765,85,PIX
Beatriz Vieira,(71) 92726-4766,50,PIX
Rodrigo Costa,(71) 96658-4767,80,PIX
Paulo Gomes,(71) 99849-4768,50,PIX
Yasmin Costa,(71) 99056-4769,60,PIX
William Santos,(71) 97540-4770,50,Espécie
Beatriz Moreira,(71) 98293-4771,0,Não contribuiu
Beatriz Martins,(71) 99577-4772,60,Espécie
Carlos Gomes,(71) 91216-4773,40,PIX
Mateus Nascimento,(71) 93279-4774,40,PIX
Lucas Nascimento,(71) 92505-4775,75,Espécie
Marcelo Costa,(71) 97829-4776,0,Não contribuiu
Fernanda Oliveira,(71) 98484-4777,30,Espécie
Camila Pereira,(71) 96913-4778,0,Não contribuiu
Fábio Santos,(71) 97002-4779,100,Espécie
Beatriz Gomes,(71) 91697-4780,45,Espécie
Rodrigo Nascimento,(71) 94952-4781,0,Não contribuiu
Fernanda Lima,(71) 94531-4782,0,Não contribuiu
Isabela Moreira,(71) 98044-4783,0,Não contribuiu
Marcelo Mendes,(71) 93117-4784,0,Não contribuiu
William Santos,(71) 92723-4785,10,PIX
Bruno Teixeira,(71) 94213-4786,0,Não contribuiu
Beatriz Nascimento,(71) 91258-4787,100,PIX
Gustavo Vieira,(71) 96292-4788,15,PIX
Daniel Vieira,(71) 98138-4789,0,Não contribuiu
Bruno Teixeira,(71) 99645-4790,10,Espécie
Mateus Gomes,(71) 97160-4791,50,PIX
Eduardo Ferreira,(71) 92719-4792,65,Espécie
Helena Mendes,(71) 93340-4793,0,Não contribuiu
Juliana Ribeiro,(71) 93110-4794,80,Espécie
Simone Melo,(71) 95997-4795,10,PIX
Marcelo Carvalho,(71) 96073-4796,55,Espécie
Juliana Dias,(71) 94228-4797,60,Espécie
Juliana Oliveira,(71) 96671-4798,35,PIX
Lucas Santos,(71) 92563-4799,55,PIX
Lucas Gomes,(71) 97053-4800,10,Espécie
William Ferreira,(71) 93578-4801,95,PIX
Beatriz Rocha,(71) 91761-4802,0,Não contribuiu
Bruno Nascimento,(71) 92270-4803,65,PIX
Mariana Lima,(71) 98512-4804,10,PIX
Elaine Lima,(71) 99263-4805,70,Espécie
Vinícius Martins,(71) 99407-4806,10,Espécie
Lucas Rocha,(71) 91957-4807,75,Espécie
Thiago Pereira,(71) 97528-4808,75,PIX
Yasmin Silva,(71) 95966-4809,55,PIX
Mariana Teixeira,(71) 96797-4810,35,PIX
Yasmin Melo,(71) 95941-4811,0,Não contribuiu
Simone Nascimento,(71) 95960-4812,40,PIX
Marcelo Moreira,(71) 92576-4813,45,PIX
Samuel Pereira,(71) 95898-4814,65,PIX
Gustavo Ramos,(71) 97764-4815,0,Não contribuiu
Renata Carvalho,(71) 94006-4816,30,Espécie
Gustavo Teixeira,(71) 94272-4817,90,PIX
Daniel Santos,(71) 97710-4818,90,Espécie
Carlos Ribeiro,(71) 97590-4819,20,Espécie
Samuel Pereira,(71) 96996-4820,25,PIX
Gabriel Costa,(71) 97264-4821,30,PIX
Rodrigo Almeida,(71) 95855-4822,85,PIX
Marcelo Rocha,(71) 95850-4823,60,Espécie
Vinícius Silva,(71) 98534-4824,0,Não contribuiu
Samuel Ramos,(71) 91396-4825,35,PIX
Bruno Teixeira,(71) 91263-4826,0,Não contribuiu
João Carvalho,(71) 95920-4827,20,Espécie
Rodrigo Santos,(71) 92358-4828,15,PIX
Isabela Carvalho,(71) 94882-4829,100,PIX
Juliana Nascimento,(71) 93772-4830,95,Espécie
João Santos,(71) 91450-4831,0,Não contribuiu
Thiago Teixeira,(71) 97224-4832,85,Espécie
Simone Nascimento,(71) 99811-4833,10,PIX
Yasmin Lima,(71) 94680-4834,70,PIX
Carlos Ramos,(71) 98116-4835,90,PIX
Diego Almeida,(71) 93907-4836,80,Espécie
Mateus Moreira,(71) 93958-4837,100,Espécie
Fernanda Mendes,(71) 99208-4838,60,Espécie
Beatriz Nascimento,(71) 92239-4839,30,PIX
Helena Vieira,(71) 91360-4840,35,Espécie
Eduardo Vieira,(71) 98093-4841,20,PIX
Carlos Ferreira,(71) 93113-4842,30,PIX
Helena Barbosa,(71) 97751-4843,85,PIX
Thiago Melo,(71) 98027-4844,0,Não contribuiu
Elaine Santos,(71) 97458-4845,0,Não contribuiu
Patrícia Dias,(71) 95434-4846,0,Não contribuiu
Simone Lima,(71) 92831-4847,0,Não contribuiu
Yasmin Barbosa,(71) 96396-4848,25,Espécie
Diego Ramos,(71) 91166-4849,80,Espécie
Victor Ferreira,(71) 96289-4850,45,Espécie
Carlos Moreira,(71) 96842-4851,45,PIX
Eduardo Gomes,(71) 94336-4852,80,Espécie
Lucas Martins,(71) 99293-4853,70,PIX
Beatriz Souza,(71) 94660-4854,65,PIX
Juliana Carvalho,(71) 91520-4855,45,Espécie
Carlos Pereira,(71) 93443-4856,40,PIX
Samuel Gomes,(71) 98825-4857,0,Não contribuiu
Simone Lima,(71) 93591-4858,15,Espécie
Samuel Gomes,(71) 97074-4859,65,PIX
Patrícia Ramos,(71) 98405-4860,50,PIX
Gustavo Melo,(71) 98791-4861,45,PIX
Helena Ferreira,(71) 97221-4862,95,Espécie
Renata Gomes,(71) 91752-4863,0,Não contribuiu
Mateus Almeida,(71) 97262-4864,75,Espécie
Mateus Oliveira,(71) 96901-4865,100,Espécie
Larissa Carvalho,(71) 98876-4866,0,Não contribuiu
Lucas Souza,(71) 99704-4867,55,Espécie
Camila Souza,(71) 93069-4868,90,PIX
Paulo Martins,(71) 97943-4869,15,Espécie
Simone Ferreira,(71) 98189-4870,15,Espécie
Diego Mendes,(71) 95271-4871,60,Espécie
Larissa Teixeira,(71) 93959-4872,15,PIX
Juliana Ramos,(71) 96386-4873,30,Espécie
Fernanda Pereira,(71) 99253-4874,60,Espécie
Elaine Nascimento,(71) 93238-4875,0,Não contribuiu
Fernanda Nascimento,(71) 99856-4876,40,Espécie
Fernanda Teixeira,(71) 98481-4877,65,Espécie
Gabriel Pereira,(71) 98406-4878,95,PIX
Fábio Teixeira,(71) 98690-4879,100,PIX
Diego Dias,(71) 92421-4880,45,Espécie
Marcelo Ramos,(71) 93434-4881,35,PIX
Eduardo Melo,(71) 96186-4882,15,Espécie
Renata Pereira,(71) 94188-4883,80,Espécie
Mariana Mendes,(71) 95830-4884,90,Espécie
Lucas Melo,(71) 93257-4885,55,PIX
Natália Souza,(71) 97875-4886,85,Espécie
Elaine Melo,(71) 96967-4887,25,PIX
Victor Ribeiro,(71) 93307-4888,0,Não contribuiu
Eduardo Mendes,(71) 91996-4889,40,PIX
Diego Costa,(71) 94034-4890,40,PIX
Gabriel Carvalho,(71) 98052-4891,95,Espécie
Beatriz Moreira,(71) 98549-4892,25,Espécie
Isabela Lima,(71) 98068-4893,10,Espécie
Sofia Carvalho,(71) 92215-4894,0,Não contribuiu
Yasmin Nascimento,(71) 98335-4895,85,PIX
William Barbosa,(71) 99859-4896,0,Não contribuiu
Ana Carvalho,(71) 91165-4897,100,PIX
Camila Lima,(71) 92446-4898,60,PIX
Aline Nascimento,(71) 99994-4899,40,Espécie
Fábio Costa,(71) 94091-4900,45,PIX
Bruno Ramos,(71) 91401-4901,65,Espécie
Paulo Moreira,(71) 98625-4902,10,PIX
Larissa Dias,(71) 95135-4903,75,Espécie
Simone Gomes,(71) 93288-4904,15,PIX
Isabela Dias,(71) 96101-4905,0,Não contribuiu
Ana Santos,(71) 99114-4906,90,Espécie
Patrícia Martins,(71) 93126-4907,95,Espécie
Marcelo Oliveira,(71) 93217-4908,95,PIX
Vanessa Barbosa,(71) 91885-4909,40,PIX
Larissa Pereira,(71) 96150-4910,25,PIX
Lucas Santos,(71) 98996-4911,40,PIX
Marcelo Almeida,(71) 97962-4912,15,PIX
Daniel Teixeira,(71) 91488-4913,0,Não contribuiu
Mariana Teixeira,(71) 98157-4914,80,Espécie
Lucas Lima,(71) 91357-4915,10,PIX
Lucas Vieira,(71) 91902-4916,25,PIX
Eduardo Souza,(71) 95716-4917,55,PIX
Ana Nascimento,(71) 93670-4918,0,Não contribuiu
Sofia Almeida,(71) 99098-4919,40,Espécie
Simone Pereira,(71) 93850-4920,65,PIX
William Carvalho,(71) 99631-4921,90,Espécie
Isabela Santos,(71) 94433-4922,85,PIX
Helena Vieira,(71) 95219-4923,40,Espécie
Helena Nascimento,(71) 93244-4924,0,Não contribuiu
Samuel Costa,(71) 95712-4925,10,PIX
Beatriz Ramos,(71) 94779-4926,40,PIX
Bruno Rocha,(71) 93373-4927,0,Não contribuiu
Ana Silva,(71) 91817-4928,95,PIX
Natália Barbosa,(71) 95594-4929,0,Não contribuiu
Larissa Lima,(71) 92196-4930,85,Espécie
Isabela Carvalho,(71) 95453-4931,80,PIX
Rafael Rocha,(71) 91350-4932,60,PIX
Vinícius Moreira,(71) 91103-4933,90,Espécie
Simone Rocha,(71) 99371-4934,95,Espécie
Mateus Mendes,(71) 93959-4935,40,PIX
Yasmin Teixeira,(71) 94586-4936,0,Não contribuiu
Elaine Santos,(71) 91217-4937,0,Não contribuiu
Beatriz Melo,(71) 97033-4938,95,PIX
Ana Gomes,(71) 94146-4939,15,PIX
Juliana Gomes,(71) 96773-4940,20,Espécie
Camila Gomes,(71) 92749-4941,0,Não contribuiu
Daniel Gomes,(71) 93915-4942,95,PIX
Victor Moreira,(71) 98001-4943,65,PIX
Bruno Vieira,(71) 93333-4944,55,Espécie
Mateus Vieira,(71) 94023-4945,60,Espécie
Ana Ribeiro,(71) 96197-4946,70,Espécie
João Mendes,(71) 99452-4947,0,Não contribuiu
Eduardo Pereira,(71) 97652-4948,60,Espécie
Simone Gomes,(71) 97461-4949,30,Espécie
Diego Rocha,(71) 91523-4950,25,PIX
Mateus Santos,(71) 95330-4951,0,Não contribuiu
Gabriel Teixeira,(71) 91119-4952,55,PIX
Bruno Carvalho,(71) 95448-4953,55,Espécie
Marcelo Barbosa,(71) 94307-4954,75,Espécie
Marcelo Gomes,(71) 98423-4955,0,Não contribuiu
Lucas Dias,(71) 94332-4956,80,Espécie
Diego Mendes,(71) 95421-4957,15,Espécie
Gustavo Souza,(71) 98584-4958,0,Não contribuiu
Fábio Silva,(71) 91370-4959,0,Não contribuiu
Ana Costa,(71) 91275-4960,20,Espécie
Juliana Martins,(71) 92004-4961,45,PIX
João Lima,(71) 99292-4962,0,Não contribuiu
Gabriel Vieira,(71) 92410-4963,40,PIX
Elaine Mendes,(71) 93109-4964,85,Espécie
Aline Oliveira,(71) 91744-4965,100,PIX
Aline Rocha,(71) 97579-4966,0,Não contribuiu
Natália Rocha,(71) 91954-4967,75,PIX
Juliana Almeida,(71) 95340-4968,0,Não contribuiu
Mariana Ribeiro,(71) 94481-4969,0,Não contribuiu
Helena Vieira,(71) 98734-4970,0,Não contribuiu
Sofia Moreira,(71) 95864-4971,100,PIX
Fábio Ferreira,(71) 97414-4972,90,PIX
Aline Ramos,(71) 97752-4973,10,Espécie
Juliana Carvalho,(71) 99889-4974,55,PIX
Simone Moreira,(71) 92256-4975,0,Não contribuiu
Renata Nascimento,(71) 91400-4976,0,Não contribuiu
Mariana Teixeira,(71) 93614-4977,100,PIX
Elaine Souza,(71) 97628-4978,45,PIX
Juliana Ramos,(71) 96146-4979,0,Não contribuiu
Elaine Santos,(71) 95571-4980,95,Espécie
Vinícius Gomes,(71) 99566-4981,0,Não contribuiu
Natália Ramos,(71) 98489-4982,70,PIX
Mariana Costa,(71) 92096-4983,0,Não contribuiu
Diego Moreira,(71) 95042-4984,0,Não contribuiu
Mariana Gomes,(71) 97985-4985,50,PIX
Marcelo Carvalho,(71) 95980-4986,45,Espécie
Beatriz Ferreira,(71) 96102-4987,0,Não contribuiu
Gabriel Barbosa,(71) 94493-4988,35,Espécie
Sofia Lima,(71) 96763-4989,0,Não contribuiu
Larissa Almeida,(71) 96522-4990,80,Espécie
Camila Moreira,(71) 91734-4991,0,Não contribuiu
Fernanda Dias,(71) 93865-4992,0,Não contribuiu
Patrícia Dias,(71) 95014-4993,95,PIX
Daniel Lima,(71) 98529-4994,35,PIX
Natália Souza,(71) 95795-4995,20,Espécie
Camila Vieira,(71) 99202-4996,60,PIX
Yasmin Teixeira,(71) 98214-4997,40,PIX
Beatriz Ramos,(71) 93029-4998,30,PIX
Victor Costa,(71) 93995-4999,0,Não contribuiu
Fernanda Rocha,(71) 94649-5000,0,Não contribuiu
